"","player_id","round","kickoff_time","opponent_team","was_home","team_h_score","team_a_score","value","transfers_balance","selected","transfers_in","transfers_out","total_points","minutes","goals_scored","assists","clean_sheets","goals_conceded","own_goals","penalties_saved","penalties_missed","yellow_cards","red_cards","saves","bonus","bps","influence","creativity","threat","ict_index","ea_index","open_play_crosses","big_chances_created","clearances_blocks_interceptions","recoveries","key_passes","tackles","winning_goals","attempted_passes","completed_passes","penalties_conceded","big_chances_missed","errors_leading_to_goal","errors_leading_to_goal_attempt","tackled","offside","target_missed","fouls","dribbles","name","team","pos"
"1",1,1,"2017-08-11T18:45:00Z",9,TRUE,4,3,50,0,8964,0,0,0,0,0,0,0,0,0,0,0,0,0,0,0,0,"0.0","0.0","0.0","0.0",0,0,0,0,0,0,0,0,0,0,0,0,0,0,0,0,0,0,0,"Ospina","Arsenal","Goalkeeper"
"2",2,1,"2017-08-11T18:45:00Z",9,TRUE,4,3,55,0,222249,0,0,1,90,0,0,0,3,0,0,0,0,0,0,0,9,"12.2","0.0","0.0","1.2",0,0,0,0,4,0,1,0,20,16,0,0,0,0,0,0,0,0,0,"Cech","Arsenal","Goalkeeper"
"3",3,1,"2017-08-11T18:45:00Z",9,TRUE,4,3,40,0,43837,0,0,0,0,0,0,0,0,0,0,0,0,0,0,0,0,"0.0","0.0","0.0","0.0",0,0,0,0,0,0,0,0,0,0,0,0,0,0,0,0,0,0,0,"Martinez","Arsenal","Goalkeeper"
"4",4,1,"2017-08-11T18:45:00Z",9,TRUE,4,3,60,0,22384,0,0,0,0,0,0,0,0,0,0,0,0,0,0,0,0,"0.0","0.0","0.0","0.0",0,0,0,0,0,0,0,0,0,0,0,0,0,0,0,0,0,0,0,"Koscielny","Arsenal","Defender"
"5",5,1,"2017-08-11T18:45:00Z",9,TRUE,4,3,50,0,22724,0,0,0,0,0,0,0,0,0,0,0,0,0,0,0,0,"0.0","0.0","0.0","0.0",0,0,0,0,0,0,0,0,0,0,0,0,0,0,0,0,0,0,0,"Mertesacker","Arsenal","Defender"
"6",6,1,"2017-08-11T18:45:00Z",9,TRUE,4,3,50,0,1698,0,0,0,0,0,0,0,0,0,0,0,0,0,0,0,0,"0.0","0.0","0.0","0.0",0,0,0,0,0,0,0,0,0,0,0,0,0,0,0,0,0,0,0,"Gabriel","Arsenal","Defender"
"7",7,1,"2017-08-11T18:45:00Z",9,TRUE,4,3,60,0,572986,0,0,1,90,0,0,0,3,0,0,0,0,0,0,0,9,"17.2","27.5","25.0","7.0",0,0,0,1,7,2,1,0,60,53,0,1,0,0,4,0,0,1,1,"Bellerín","Arsenal","Defender"
"8",8,1,"2017-08-11T18:45:00Z",9,TRUE,4,3,50,0,6359,0,0,0,0,0,0,0,0,0,0,0,0,0,0,0,0,"0.0","0.0","0.0","0.0",0,0,0,0,0,0,0,0,0,0,0,0,0,0,0,0,0,0,0,"Gibbs","Arsenal","Defender"
"9",9,1,"2017-08-11T18:45:00Z",9,TRUE,4,3,45,0,14005,0,0,0,0,0,0,0,0,0,0,0,0,0,0,0,0,"0.0","0.0","0.0","0.0",0,0,0,0,0,0,0,0,0,0,0,0,0,0,0,0,0,0,0,"Jenkinson","Arsenal","Defender"
"10",10,1,"2017-08-11T18:45:00Z",9,TRUE,4,3,55,0,227033,0,0,1,90,0,0,0,3,0,0,0,0,0,0,0,24,"30.2","1.3","0.0","3.2",0,0,0,12,7,0,2,0,57,54,0,0,0,0,0,0,0,0,0,"Monreal","Arsenal","Defender"
"11",11,1,"2017-08-11T18:45:00Z",9,TRUE,4,3,50,0,95869,0,0,1,66,0,0,0,3,0,0,0,0,0,0,0,18,"19.2","2.1","0.0","2.1",0,0,0,12,7,0,1,0,59,49,0,0,0,0,0,0,0,2,0,"Holding","Arsenal","Defender"
"12",12,1,"2017-08-11T18:45:00Z",9,TRUE,4,3,55,0,78101,0,0,0,0,0,0,0,0,0,0,0,0,0,0,0,0,"0.0","0.0","0.0","0.0",0,0,0,0,0,0,0,0,0,0,0,0,0,0,0,0,0,0,0,"Mustafi","Arsenal","Defender"
"13",13,1,"2017-08-11T18:45:00Z",9,TRUE,4,3,60,0,467980,0,0,5,90,0,1,0,3,0,0,0,0,0,0,1,35,"0.0","0.0","0.0","0.0",0,0,1,4,7,1,4,0,70,59,0,0,0,0,0,0,0,1,1,"Kolasinac","Arsenal","Defender"
"14",14,1,"2017-08-11T18:45:00Z",9,TRUE,4,3,120,0,126282,0,0,0,0,0,0,0,0,0,0,0,0,0,0,0,0,"0.0","0.0","0.0","0.0",0,0,0,0,0,0,0,0,0,0,0,0,0,0,0,0,0,0,0,"Sánchez","Arsenal","Midfielder"
"15",15,1,"2017-08-11T18:45:00Z",9,TRUE,4,3,75,0,120780,0,0,1,15,0,0,0,0,0,0,0,0,0,0,0,2,"1.0","0.3","0.0","0.1",0,0,0,1,0,0,0,0,2,1,0,0,0,0,0,1,0,0,0,"Walcott","Arsenal","Midfielder"
"16",16,1,"2017-08-11T18:45:00Z",9,TRUE,4,3,95,0,78613,0,0,2,90,0,0,0,3,0,0,0,0,0,0,0,15,"18.6","80.8","27.0","12.6",0,0,1,1,2,6,0,0,81,70,0,0,0,0,3,1,2,0,2,"Özil","Arsenal","Midfielder"
"17",17,1,"2017-08-11T18:45:00Z",9,TRUE,4,3,70,0,1541,0,0,0,0,0,0,0,0,0,0,0,0,0,0,0,0,"0.0","0.0","0.0","0.0",0,0,0,0,0,0,0,0,0,0,0,0,0,0,0,0,0,0,0,"Cazorla","Arsenal","Midfielder"
"18",18,1,"2017-08-11T18:45:00Z",9,TRUE,4,3,70,0,33792,0,0,6,23,1,0,0,0,0,0,0,0,0,0,0,16,"29.6","11.2","26.0","6.7",0,0,0,0,2,1,0,0,11,8,0,1,0,0,0,0,3,0,0,"Ramsey","Arsenal","Midfielder"
"19",19,1,"2017-08-11T18:45:00Z",9,TRUE,4,3,60,0,135193,0,0,2,90,0,0,0,3,0,0,0,0,0,0,0,26,"35.8","29.3","44.0","10.9",0,1,0,7,10,2,3,0,51,40,0,0,0,0,2,0,2,1,8,"Chamberlain","Arsenal","Midfielder"
"20",20,1,"2017-08-11T18:45:00Z",9,TRUE,4,3,45,0,26574,0,0,0,0,0,0,0,0,0,0,0,0,0,0,0,0,"0.0","0.0","0.0","0.0",0,0,0,0,0,0,0,0,0,0,0,0,0,0,0,0,0,0,0,"Coquelin","Arsenal","Midfielder"
"21",21,1,"2017-08-11T18:45:00Z",9,TRUE,4,3,55,0,134752,0,0,0,0,0,0,0,0,0,0,0,0,0,0,0,0,"0.0","0.0","0.0","0.0",0,0,0,0,0,0,0,0,0,0,0,0,0,0,0,0,0,0,0,"Iwobi","Arsenal","Midfielder"
"22",22,1,"2017-08-11T18:45:00Z",9,TRUE,4,3,45,0,60538,0,0,5,66,0,1,0,3,0,0,0,0,0,0,0,21,"31.4","30.8","1.0","6.3",0,0,0,1,3,2,0,0,72,65,0,0,0,0,2,0,1,0,0,"Elneny","Arsenal","Midfielder"
"23",23,1,"2017-08-11T18:45:00Z",9,TRUE,4,3,55,0,168237,0,0,10,90,0,2,0,3,0,0,0,0,0,0,2,37,"51.2","77.8","24.0","15.3",0,1,0,2,8,5,0,0,99,81,0,0,0,0,0,0,0,1,1,"Xhaka","Arsenal","Midfielder"
"24",24,1,"2017-08-11T18:45:00Z",9,TRUE,4,3,55,0,1481,0,0,0,0,0,0,0,0,0,0,0,0,0,0,0,0,"0.0","0.0","0.0","0.0",0,0,0,0,0,0,0,0,0,0,0,0,0,0,0,0,0,0,0,"Wilshere","Arsenal","Midfielder"
"25",25,1,"2017-08-11T18:45:00Z",9,TRUE,4,3,85,0,81145,0,0,5,23,1,0,0,0,0,0,0,0,0,0,0,31,"35.0","14.9","19.0","6.9",0,0,0,0,0,1,0,1,8,7,0,0,0,0,0,0,0,0,0,"Giroud","Arsenal","Forward"
"26",26,1,"2017-08-11T18:45:00Z",9,TRUE,4,3,75,0,38464,0,0,6,74,1,0,0,3,0,0,0,0,0,0,0,31,"43.0","29.0","57.0","12.9",0,0,1,2,2,2,1,0,21,16,0,1,0,0,4,1,0,1,2,"Welbeck","Arsenal","Forward"
"27",27,1,"2017-08-11T18:45:00Z",9,TRUE,4,3,75,0,11966,0,0,0,0,0,0,0,0,0,0,0,0,0,0,0,0,"0.0","0.0","0.0","0.0",0,0,0,0,0,0,0,0,0,0,0,0,0,0,0,0,0,0,0,"Pérez","Arsenal","Forward"
"28",28,1,"2017-08-11T18:45:00Z",9,TRUE,4,3,105,0,695667,0,0,6,90,1,0,0,3,0,0,0,0,0,0,0,32,"0.0","0.0","0.0","0.0",0,1,1,1,2,3,0,0,21,19,0,0,0,0,2,2,0,2,1,"Lacazette","Arsenal","Forward"
"29",29,1,"2017-08-12T14:00:00Z",19,FALSE,1,0,45,0,227589,0,0,3,90,0,0,0,1,0,0,0,0,0,5,0,19,"34.6","0.0","0.0","3.5",0,0,0,1,9,0,0,0,23,15,0,0,0,0,0,0,0,0,0,"Begovic","Bournemouth","Goalkeeper"
"30",30,1,"2017-08-12T14:00:00Z",19,FALSE,1,0,45,0,208181,0,0,0,0,0,0,0,0,0,0,0,0,0,0,0,0,"0.0","0.0","0.0","0.0",0,0,0,0,0,0,0,0,0,0,0,0,0,0,0,0,0,0,0,"Boruc","Bournemouth","Goalkeeper"
"31",31,1,"2017-08-12T14:00:00Z",19,FALSE,1,0,40,0,224542,0,0,0,0,0,0,0,0,0,0,0,0,0,0,0,0,"0.0","0.0","0.0","0.0",0,0,0,0,0,0,0,0,0,0,0,0,0,0,0,0,0,0,0,"Federici","Bournemouth","Goalkeeper"
"32",32,1,"2017-08-12T14:00:00Z",19,FALSE,1,0,45,0,134616,0,0,2,79,0,0,0,1,0,0,0,0,0,0,0,16,"17.6","9.6","0.0","2.7",0,1,0,6,3,0,0,0,54,44,0,0,0,0,1,0,0,0,2,"Francis","Bournemouth","Defender"
"33",33,1,"2017-08-12T14:00:00Z",19,FALSE,1,0,50,0,35704,0,0,2,90,0,0,0,1,0,0,0,0,0,0,0,12,"13.6","11.4","2.0","2.7",0,0,0,2,5,1,1,0,61,47,0,0,0,0,1,0,0,0,0,"Steve Cook","Bournemouth","Defender"
"34",34,1,"2017-08-12T14:00:00Z",19,FALSE,1,0,50,0,852727,0,0,2,90,0,0,0,1,0,0,0,0,0,0,0,13,"12.2","10.0","18.0","4.0",0,1,0,1,6,0,0,0,70,57,0,0,0,0,0,0,0,0,0,"Daniels","Bournemouth","Defender"
"35",35,1,"2017-08-12T14:00:00Z",19,FALSE,1,0,50,0,50168,0,0,1,10,0,0,0,0,0,0,0,0,0,0,0,2,"2.2","0.6","0.0","0.3",0,0,0,1,0,0,0,0,6,6,0,0,0,0,1,0,0,0,0,"Adam Smith","Bournemouth","Defender"
"36",36,1,"2017-08-12T14:00:00Z",19,FALSE,1,0,45,0,18958,0,0,0,0,0,0,0,0,0,0,0,0,0,0,0,0,"0.0","0.0","0.0","0.0",0,0,0,0,0,0,0,0,0,0,0,0,0,0,0,0,0,0,0,"Mings","Bournemouth","Defender"
"37",37,1,"2017-08-12T14:00:00Z",19,FALSE,1,0,40,0,168690,0,0,0,0,0,0,0,0,0,0,0,0,0,0,0,0,"0.0","0.0","0.0","0.0",0,0,0,0,0,0,0,0,0,0,0,0,0,0,0,0,0,0,0,"Brad Smith","Bournemouth","Defender"
"38",38,1,"2017-08-12T14:00:00Z",19,FALSE,1,0,50,0,336369,0,0,3,90,0,0,0,1,0,0,0,0,0,0,1,25,"24.0","0.4","17.0","4.1",0,0,0,4,9,0,4,0,60,54,0,0,0,0,0,0,0,0,0,"Aké","Bournemouth","Defender"
"39",39,1,"2017-08-12T14:00:00Z",19,FALSE,1,0,50,0,35277,0,0,1,90,0,0,0,1,0,0,0,1,0,0,0,13,"15.0","9.7","1.0","2.6",0,0,0,3,5,0,3,0,102,95,0,0,0,0,2,0,1,1,0,"Arter","Bournemouth","Midfielder"
"40",40,1,"2017-08-12T14:00:00Z",19,FALSE,1,0,50,0,4459,0,0,1,45,0,0,0,1,0,0,0,0,0,0,0,2,"1.8","15.3","2.0","1.9",0,0,0,0,1,1,0,0,23,20,0,0,0,0,2,0,0,0,0,"Pugh","Bournemouth","Midfielder"
"41",41,1,"2017-08-12T14:00:00Z",19,FALSE,1,0,45,0,29900,0,0,2,90,0,0,0,1,0,0,0,0,0,0,0,14,"21.6","17.6","1.0","4.0",0,0,0,3,4,1,1,0,106,93,0,0,0,0,0,0,1,0,0,"Surman","Bournemouth","Midfielder"
"42",42,1,"2017-08-12T14:00:00Z",19,FALSE,1,0,60,0,4109,0,0,0,0,0,0,0,0,0,0,0,0,0,0,0,0,"0.0","0.0","0.0","0.0",0,0,0,0,0,0,0,0,0,0,0,0,0,0,0,0,0,0,0,"Stanislas","Bournemouth","Midfielder"
"43",43,1,"2017-08-12T14:00:00Z",19,FALSE,1,0,50,0,3554,0,0,0,0,0,0,0,0,0,0,0,0,0,0,0,0,"0.0","0.0","0.0","0.0",0,0,0,0,0,0,0,0,0,0,0,0,0,0,0,0,0,0,0,"Gosling","Bournemouth","Midfielder"
"44",44,1,"2017-08-12T14:00:00Z",19,FALSE,1,0,50,0,4103,0,0,0,0,0,0,0,0,0,0,0,0,0,0,0,0,"0.0","0.0","0.0","0.0",0,0,0,0,0,0,0,0,0,0,0,0,0,0,0,0,0,0,0,"Gradel","Bournemouth","Midfielder"
"45",45,1,"2017-08-12T14:00:00Z",19,FALSE,1,0,50,0,21655,0,0,1,45,0,0,0,0,0,0,0,0,0,0,0,6,"11.0","7.3","10.0","2.8",0,1,0,2,4,0,2,0,26,22,0,0,0,0,4,0,0,0,0,"Ibe","Bournemouth","Midfielder"
"46",46,1,"2017-08-12T14:00:00Z",19,FALSE,1,0,45,0,26243,0,0,0,0,0,0,0,0,0,0,0,0,0,0,0,0,"0.0","0.0","0.0","0.0",0,0,0,0,0,0,0,0,0,0,0,0,0,0,0,0,0,0,0,"Lewis Cook","Bournemouth","Midfielder"
"47",47,1,"2017-08-12T14:00:00Z",19,FALSE,1,0,55,0,58560,0,0,2,90,0,0,0,1,0,0,0,0,0,0,0,13,"13.8","33.7","29.0","7.7",0,1,0,0,4,2,0,0,44,40,0,0,0,0,3,0,0,0,0,"Fraser","Bournemouth","Midfielder"
"48",48,1,"2017-08-12T14:00:00Z",19,FALSE,1,0,60,0,1729,0,0,0,0,0,0,0,0,0,0,0,0,0,0,0,0,"0.0","0.0","0.0","0.0",0,0,0,0,0,0,0,0,0,0,0,0,0,0,0,0,0,0,0,"Callum Wilson","Bournemouth","Forward"
"49",49,1,"2017-08-12T14:00:00Z",19,FALSE,1,0,60,0,30511,0,0,2,63,0,0,0,1,0,0,0,0,0,0,0,7,"5.2","16.2","6.0","2.7",0,1,0,1,0,1,0,0,6,6,0,0,0,0,1,0,0,0,0,"Afobe","Bournemouth","Forward"
"50",50,1,"2017-08-12T14:00:00Z",19,FALSE,1,0,50,0,4671,0,0,0,0,0,0,0,0,0,0,0,0,0,0,0,0,"0.0","0.0","0.0","0.0",0,0,0,0,0,0,0,0,0,0,0,0,0,0,0,0,0,0,0,"Mousset","Bournemouth","Forward"
"51",51,1,"2017-08-12T14:00:00Z",19,FALSE,1,0,75,0,273764,0,0,2,90,0,0,0,1,0,0,0,0,0,0,0,6,"7.0","12.2","46.0","6.5",0,0,0,1,1,1,0,0,24,21,0,0,0,0,3,0,0,1,3,"King","Bournemouth","Forward"
"52",52,1,"2017-08-12T14:00:00Z",19,FALSE,1,0,80,0,210521,0,0,1,26,0,0,0,0,0,0,0,0,0,0,0,2,"1.2","10.8","2.0","1.4",0,0,0,0,0,1,0,0,3,3,0,0,0,0,1,0,0,1,0,"Defoe","Bournemouth","Forward"
"53",53,1,"2017-08-12T16:30:00Z",11,TRUE,0,2,40,0,58538,0,0,0,0,0,0,0,0,0,0,0,0,0,0,0,0,"0.0","0.0","0.0","0.0",0,0,0,0,0,0,0,0,0,0,0,0,0,0,0,0,0,0,0,"Mäenpää","Brighton","Goalkeeper"
"54",54,1,"2017-08-12T16:30:00Z",11,TRUE,0,2,45,0,29416,0,0,2,90,0,0,0,2,0,0,0,0,0,3,0,15,"0.0","0.0","0.0","0.0",0,0,0,0,10,0,0,0,27,13,0,0,0,0,0,0,0,0,0,"Ryan","Brighton","Goalkeeper"
"55",55,1,"2017-08-12T16:30:00Z",11,TRUE,0,2,45,0,79027,0,0,-1,90,0,0,0,2,1,0,0,0,0,0,0,8,"0.0","0.0","0.0","0.0",0,0,0,12,3,1,0,0,11,8,0,0,0,0,0,0,0,0,0,"Dunk","Brighton","Defender"
"56",56,1,"2017-08-12T16:30:00Z",11,TRUE,0,2,45,0,15722,0,0,1,90,0,0,0,2,0,0,0,0,0,0,0,10,"0.0","0.0","0.0","0.0",0,0,0,10,1,0,0,0,13,9,0,0,0,1,0,0,0,0,0,"Duffy","Brighton","Defender"
"57",57,1,"2017-08-12T16:30:00Z",11,TRUE,0,2,40,0,294924,0,0,0,0,0,0,0,0,0,0,0,0,0,0,0,0,"0.0","0.0","0.0","0.0",0,0,0,0,0,0,0,0,0,0,0,0,0,0,0,0,0,0,0,"Hünemeier","Brighton","Defender"
"58",58,1,"2017-08-12T16:30:00Z",11,TRUE,0,2,45,0,11889,0,0,1,90,0,0,0,2,0,0,0,0,0,0,0,14,"0.0","0.0","0.0","0.0",0,0,0,7,8,0,1,0,24,18,0,0,0,0,0,0,0,0,1,"Bruno","Brighton","Defender"
"59",59,1,"2017-08-12T16:30:00Z",11,TRUE,0,2,45,0,5547,0,0,0,0,0,0,0,0,0,0,0,0,0,0,0,0,"0.0","0.0","0.0","0.0",0,0,0,0,0,0,0,0,0,0,0,0,0,0,0,0,0,0,0,"Bong","Brighton","Defender"
"60",60,1,"2017-08-12T16:30:00Z",11,TRUE,0,2,40,0,129815,0,0,0,0,0,0,0,0,0,0,0,0,0,0,0,0,"0.0","0.0","0.0","0.0",0,0,0,0,0,0,0,0,0,0,0,0,0,0,0,0,0,0,0,"Rosenior","Brighton","Defender"
"61",61,1,"2017-08-12T16:30:00Z",11,TRUE,0,2,40,0,35648,0,0,0,0,0,0,0,0,0,0,0,0,0,0,0,0,"0.0","0.0","0.0","0.0",0,0,0,0,0,0,0,0,0,0,0,0,0,0,0,0,0,0,0,"Goldson","Brighton","Defender"
"62",62,1,"2017-08-12T16:30:00Z",11,TRUE,0,2,60,0,87634,0,0,1,13,0,0,0,0,0,0,0,0,0,0,0,5,"0.0","0.0","0.0","0.0",0,1,0,0,0,0,1,0,4,2,0,0,0,0,1,0,0,0,0,"Knockaert","Brighton","Midfielder"
"63",63,1,"2017-08-12T16:30:00Z",11,TRUE,0,2,45,0,21575,0,0,2,90,0,0,0,2,0,0,0,0,0,0,0,7,"0.0","0.0","0.0","0.0",0,0,0,6,6,0,0,0,19,14,0,0,0,0,1,0,0,3,0,"Stephens","Brighton","Midfielder"
"64",64,1,"2017-08-12T16:30:00Z",11,TRUE,0,2,45,0,3747,0,0,0,0,0,0,0,0,0,0,0,0,0,0,0,0,"0.0","0.0","0.0","0.0",0,0,0,0,0,0,0,0,0,0,0,0,0,0,0,0,0,0,0,"Kayal","Brighton","Midfielder"
"65",65,1,"2017-08-12T16:30:00Z",11,TRUE,0,2,45,0,21349,0,0,0,0,0,0,0,0,0,0,0,0,0,0,0,0,"0.0","0.0","0.0","0.0",0,0,0,0,0,0,0,0,0,0,0,0,0,0,0,0,0,0,0,"Sidwell","Brighton","Midfielder"
"66",66,1,"2017-08-12T16:30:00Z",11,TRUE,0,2,50,0,6536,0,0,2,76,0,0,0,2,0,0,0,0,0,0,0,14,"0.0","0.0","0.0","0.0",0,0,0,7,6,0,2,0,18,13,0,0,0,0,1,1,0,1,2,"March","Brighton","Midfielder"
"67",67,1,"2017-08-12T16:30:00Z",11,TRUE,0,2,50,0,1530,0,0,0,0,0,0,0,0,0,0,0,0,0,0,0,0,"0.0","0.0","0.0","0.0",0,0,0,0,0,0,0,0,0,0,0,0,0,0,0,0,0,0,0,"Skalak","Brighton","Midfielder"
"68",68,1,"2017-08-12T16:30:00Z",11,TRUE,0,2,45,0,596,0,0,0,0,0,0,0,0,0,0,0,0,0,0,0,0,"0.0","0.0","0.0","0.0",0,0,0,0,0,0,0,0,0,0,0,0,0,0,0,0,0,0,0,"Norwood","Brighton","Midfielder"
"69",69,1,"2017-08-12T16:30:00Z",11,TRUE,0,2,50,0,3230,0,0,2,66,0,0,0,2,0,0,0,0,0,0,0,5,"0.0","0.0","0.0","0.0",0,0,0,0,1,0,1,0,8,6,0,0,0,0,1,1,0,1,0,"Murphy","Brighton","Midfielder"
"70",70,1,"2017-08-12T16:30:00Z",11,TRUE,0,2,55,0,27254,0,0,2,90,0,0,0,2,0,0,0,0,0,0,0,6,"0.0","0.0","0.0","0.0",0,1,0,2,4,1,0,0,26,13,0,0,0,0,1,3,0,0,0,"Groß","Brighton","Midfielder"
"71",71,1,"2017-08-12T16:30:00Z",11,TRUE,0,2,60,0,26660,0,0,1,30,0,0,0,2,0,0,0,0,0,0,0,1,"0.0","0.3","0.0","0.0",0,0,0,0,1,0,0,0,4,3,0,0,0,0,0,1,0,1,0,"Murray","Brighton","Forward"
"72",72,1,"2017-08-12T16:30:00Z",11,TRUE,0,2,50,0,12807,0,0,1,59,0,0,0,0,0,0,0,0,0,0,0,0,"0.0","0.0","0.0","0.0",0,0,0,0,3,0,0,0,17,6,0,0,0,0,4,0,0,0,0,"Hemed","Brighton","Forward"
"73",73,1,"2017-08-12T16:30:00Z",11,TRUE,0,2,50,0,1201,0,0,0,0,0,0,0,0,0,0,0,0,0,0,0,0,"0.0","0.0","0.0","0.0",0,0,0,0,0,0,0,0,0,0,0,0,0,0,0,0,0,0,0,"Baldock","Brighton","Forward"
"74",74,1,"2017-08-12T14:00:00Z",5,FALSE,2,3,50,0,393626,0,0,2,90,0,0,0,2,0,0,0,0,0,4,0,18,"18.4","0.0","0.0","1.8",0,0,0,1,12,0,0,0,35,16,0,0,0,0,0,0,0,0,0,"Heaton","Burnley","Goalkeeper"
"75",75,1,"2017-08-12T14:00:00Z",5,FALSE,2,3,45,0,528,0,0,0,0,0,0,0,0,0,0,0,0,0,0,0,0,"0.0","0.0","0.0","0.0",0,0,0,0,0,0,0,0,0,0,0,0,0,0,0,0,0,0,0,"Robinson","Burnley","Goalkeeper"
"76",76,1,"2017-08-12T14:00:00Z",5,FALSE,2,3,45,0,42328,0,0,4,90,0,1,0,2,0,0,0,0,0,0,0,22,"34.4","16.3","0.0","5.1",0,1,0,7,5,1,1,0,27,23,0,0,0,0,1,0,0,0,0,"Lowton","Burnley","Defender"
"77",77,1,"2017-08-12T14:00:00Z",5,FALSE,2,3,45,0,470160,0,0,0,90,0,0,0,2,0,0,0,1,0,0,0,10,"30.4","0.3","36.0","6.7",0,0,0,9,2,0,1,0,34,27,0,0,0,0,0,0,0,1,0,"Mee","Burnley","Defender"
"78",78,1,"2017-08-12T14:00:00Z",5,FALSE,2,3,45,0,96206,0,0,7,90,1,0,0,2,0,0,0,0,0,0,0,24,"50.8","2.0","19.0","7.2",0,0,0,3,3,0,0,0,38,32,0,0,0,0,1,0,0,0,1,"Ward","Burnley","Defender"
"79",79,1,"2017-08-12T14:00:00Z",5,FALSE,2,3,45,0,2769,0,0,1,90,0,0,0,2,0,0,0,0,0,0,0,19,"37.6","4.1","0.0","4.2",0,1,0,13,3,0,2,0,31,24,0,0,0,0,0,0,0,1,0,"Tarkowski","Burnley","Defender"
"80",80,1,"2017-08-12T14:00:00Z",5,FALSE,2,3,40,0,128417,0,0,0,0,0,0,0,0,0,0,0,0,0,0,0,0,"0.0","0.0","0.0","0.0",0,0,0,0,0,0,0,0,0,0,0,0,0,0,0,0,0,0,0,"Long","Burnley","Defender"
"81",81,1,"2017-08-12T14:00:00Z",5,FALSE,2,3,45,0,12113,0,0,0,0,0,0,0,0,0,0,0,0,0,0,0,0,"0.0","0.0","0.0","0.0",0,0,0,0,0,0,0,0,0,0,0,0,0,0,0,0,0,0,0,"Taylor","Burnley","Defender"
"82",82,1,"2017-08-12T14:00:00Z",5,FALSE,2,3,50,0,2730,0,0,0,15,0,0,0,1,0,0,0,1,0,0,0,-1,"1.0","0.3","0.0","0.1",0,0,0,1,0,0,0,0,3,1,0,0,0,0,0,0,0,1,0,"Arfield","Burnley","Midfielder"
"83",83,1,"2017-08-12T14:00:00Z",5,FALSE,2,3,45,0,864,0,0,0,0,0,0,0,0,0,0,0,0,0,0,0,0,"0.0","0.0","0.0","0.0",0,0,0,0,0,0,0,0,0,0,0,0,0,0,0,0,0,0,0,"Marney","Burnley","Midfielder"
"84",84,1,"2017-08-12T14:00:00Z",5,FALSE,2,3,50,0,2820,0,0,2,74,0,0,0,1,0,0,0,0,0,0,0,8,"7.6","14.8","0.0","2.2",0,1,0,1,1,1,0,0,13,6,0,0,0,0,0,0,0,0,0,"Gudmundsson","Burnley","Midfielder"
"85",85,1,"2017-08-12T14:00:00Z",5,FALSE,2,3,55,0,5875,0,0,5,74,0,1,0,1,0,0,0,0,0,0,0,27,"34.4","15.4","0.0","5.0",0,1,0,7,7,1,0,0,32,30,0,0,0,0,1,0,0,1,1,"Defour","Burnley","Midfielder"
"86",86,1,"2017-08-12T14:00:00Z",5,FALSE,2,3,55,0,6261,0,0,2,90,0,0,0,2,0,0,0,0,0,0,0,8,"9.8","17.5","0.0","2.7",0,0,0,6,3,1,0,0,27,26,0,0,0,0,2,0,0,1,0,"Hendrick","Burnley","Midfielder"
"87",87,1,"2017-08-12T14:00:00Z",5,FALSE,2,3,55,0,17382,0,0,1,90,0,0,0,2,0,0,0,1,0,0,0,4,"12.0","52.1","17.0","8.1",0,2,0,3,2,3,0,0,16,11,0,0,0,0,1,0,3,1,0,"Brady","Burnley","Midfielder"
"88",88,1,"2017-08-12T14:00:00Z",5,FALSE,2,3,45,0,4739,0,0,0,0,0,0,0,0,0,0,0,0,0,0,0,0,"0.0","0.0","0.0","0.0",0,0,0,0,0,0,0,0,0,0,0,0,0,0,0,0,0,0,0,"Westwood","Burnley","Midfielder"
"89",89,1,"2017-08-12T14:00:00Z",5,FALSE,2,3,55,0,30768,0,0,1,15,0,0,0,1,0,0,0,0,0,0,0,1,"0.0","0.3","0.0","0.0",0,0,0,0,0,0,0,0,4,2,0,0,0,0,2,0,0,0,0,"Walters","Burnley","Midfielder"
"90",90,1,"2017-08-12T14:00:00Z",5,FALSE,2,3,45,0,15784,0,0,5,90,0,1,0,2,0,0,0,0,0,0,0,21,"25.4","11.8","0.0","3.7",0,0,0,2,1,1,1,0,39,33,0,0,0,0,1,0,0,1,0,"Cork","Burnley","Midfielder"
"91",91,1,"2017-08-12T14:00:00Z",5,FALSE,2,3,60,0,102551,0,0,13,90,2,0,0,2,0,0,0,0,0,0,3,52,"64.0","0.6","42.0","10.7",0,0,0,1,0,0,1,1,15,3,0,0,0,0,1,1,1,4,0,"Vokes","Burnley","Forward"
"92",92,1,"2017-08-12T11:30:00Z",10,TRUE,3,3,65,0,95817,0,0,1,27,0,0,0,0,0,0,0,0,0,0,0,4,"2.2","2.9","0.0","0.5",0,0,0,0,0,0,1,0,5,5,0,0,0,0,1,0,0,0,0,"Gray","Watford","Forward"
"93",93,1,"2017-08-12T14:00:00Z",5,FALSE,2,3,55,0,39759,0,0,0,0,0,0,0,0,0,0,0,0,0,0,0,0,"0.0","0.0","0.0","0.0",0,0,0,0,0,0,0,0,0,0,0,0,0,0,0,0,0,0,0,"Barnes","Burnley","Forward"
"94",94,1,"2017-08-12T14:00:00Z",4,TRUE,2,3,55,0,692468,0,0,1,90,0,0,0,3,0,0,0,0,0,2,0,12,"18.8","0.0","0.0","1.9",0,0,0,0,7,0,0,0,32,18,0,0,0,0,0,0,0,0,0,"Courtois","Chelsea","Goalkeeper"
"95",95,1,"2017-08-12T14:00:00Z",4,TRUE,2,3,50,0,3527,0,0,0,0,0,0,0,0,0,0,0,0,0,0,0,0,"0.0","0.0","0.0","0.0",0,0,0,0,0,0,0,0,0,0,0,0,0,0,0,0,0,0,0,"Eduardo","Chelsea","Goalkeeper"
"96",96,1,"2017-08-12T14:00:00Z",4,TRUE,2,3,50,0,6172,0,0,0,0,0,0,0,0,0,0,0,0,0,0,0,0,"0.0","0.0","0.0","0.0",0,0,0,0,0,0,0,0,0,0,0,0,0,0,0,0,0,0,0,"Caballero","Chelsea","Goalkeeper"
"97",97,1,"2017-08-12T14:00:00Z",4,TRUE,2,3,65,0,445163,0,0,1,90,0,0,0,3,0,0,0,0,0,0,0,16,"12.6","20.3","6.0","3.9",0,0,0,3,4,1,3,0,57,51,0,0,0,0,1,0,0,2,0,"Azpilicueta","Chelsea","Defender"
"98",98,1,"2017-08-12T14:00:00Z",4,TRUE,2,3,65,0,620439,0,0,-3,13,0,0,0,3,0,0,0,0,1,0,0,-7,"0.0","0.4","0.0","0.0",0,0,0,0,1,0,0,0,13,12,0,0,0,0,0,0,0,1,0,"Cahill","Chelsea","Defender"
"99",99,1,"2017-08-12T14:00:00Z",7,FALSE,1,0,55,0,100008,0,0,2,90,0,0,0,1,0,0,0,0,0,0,0,11,"22.6","1.4","0.0","2.4",0,0,0,10,4,0,0,0,27,19,0,0,0,1,0,0,0,0,0,"Zouma","Stoke","Defender"
"100",100,1,"2017-08-12T14:00:00Z",4,TRUE,2,3,70,0,527736,0,0,0,90,0,0,0,3,0,0,0,1,0,0,0,12,"23.0","38.0","58.0","11.9",0,1,0,5,4,3,0,0,35,32,0,0,0,0,2,0,1,2,1,"Alonso","Chelsea","Defender"
"101",101,1,"2017-08-12T14:00:00Z",4,TRUE,2,3,60,0,921507,0,0,6,90,1,0,0,3,0,0,0,1,0,0,0,19,"40.6","1.8","22.0","6.4",0,0,0,8,5,0,0,0,44,39,0,0,0,0,1,0,2,2,0,"David Luiz","Chelsea","Defender"
"102",102,1,"2017-08-12T14:00:00Z",4,TRUE,2,3,65,0,14003,0,0,0,0,0,0,0,0,0,0,0,0,0,0,0,0,"0.0","0.0","0.0","0.0",0,0,0,0,0,0,0,0,0,0,0,0,0,0,0,0,0,0,0,"Moses","Chelsea","Defender"
"103",103,1,"2017-08-12T14:00:00Z",4,TRUE,2,3,60,0,121610,0,0,0,90,0,0,0,3,0,0,0,1,0,0,0,11,"0.0","0.0","0.0","0.0",0,0,0,9,1,0,1,0,72,65,0,0,0,0,0,0,1,3,0,"Rüdiger","Chelsea","Defender"
"104",104,1,"2017-08-12T14:00:00Z",4,TRUE,2,3,105,0,59180,0,0,0,0,0,0,0,0,0,0,0,0,0,0,0,0,"0.0","0.0","0.0","0.0",0,0,0,0,0,0,0,0,0,0,0,0,0,0,0,0,0,0,0,"Hazard","Chelsea","Midfielder"
"105",105,1,"2017-08-12T14:00:00Z",4,TRUE,2,3,70,0,375528,0,0,-1,80,0,0,0,3,0,0,0,0,1,0,0,7,"10.8","67.8","2.0","8.1",0,1,0,0,6,5,0,0,87,75,0,0,0,0,0,0,0,3,1,"Fàbregas","Chelsea","Midfielder"
"106",106,1,"2017-08-12T14:00:00Z",4,TRUE,2,3,70,0,690754,0,0,6,90,0,1,0,3,0,0,0,0,0,0,1,29,"29.0","34.1","22.0","8.5",0,1,1,1,6,2,2,0,49,37,0,0,0,0,1,0,0,1,2,"Willian","Chelsea","Midfielder"
"107",107,1,"2017-08-13T15:00:00Z",20,TRUE,4,0,50,0,688772,0,0,3,90,0,0,1,0,0,0,0,0,0,0,0,17,"0.0","0.0","0.0","0.0",0,0,0,2,9,0,0,0,69,59,0,0,0,0,2,0,0,2,7,"Matic","Man Utd","Midfielder"
"108",108,1,"2017-08-12T14:00:00Z",8,TRUE,0,3,45,0,483364,0,0,2,90,0,0,0,3,0,0,0,0,0,0,0,20,"18.8","15.1","18.0","5.2",0,0,0,4,6,1,2,0,35,33,0,0,0,0,6,0,0,0,5,"Loftus-Cheek","Crystal Palace","Midfielder"
"109",109,1,"2017-08-12T14:00:00Z",4,TRUE,2,3,80,0,140891,0,0,0,0,0,0,0,0,0,0,0,0,0,0,0,0,"0.0","0.0","0.0","0.0",0,0,0,0,0,0,0,0,0,0,0,0,0,0,0,0,0,0,0,"Pedro","Chelsea","Midfielder"
"110",110,1,"2017-08-12T14:00:00Z",4,TRUE,2,3,50,0,2371,0,0,0,0,0,0,0,0,0,0,0,0,0,0,0,0,"0.0","0.0","0.0","0.0",0,0,0,0,0,0,0,0,0,0,0,0,0,0,0,0,0,0,0,"Kenedy","Chelsea","Midfielder"
"111",111,1,"2017-08-12T14:00:00Z",4,TRUE,2,3,50,0,657402,0,0,2,90,0,0,0,3,0,0,0,0,0,0,0,17,"12.8","19.1","37.0","6.9",0,0,0,3,10,1,2,0,61,54,0,0,0,0,1,0,1,0,0,"Kanté","Chelsea","Midfielder"
"112",112,1,"2017-08-12T11:30:00Z",10,TRUE,3,3,45,0,87154,0,0,2,90,0,0,0,3,0,0,0,0,0,0,0,7,"4.0","4.3","2.0","1.0",0,0,0,1,6,0,0,0,27,19,0,0,0,0,0,0,1,0,0,"Chalobah","Watford","Midfielder"
"113",113,1,"2017-08-12T14:00:00Z",4,TRUE,2,3,85,0,72107,0,0,1,58,0,0,0,3,0,0,0,0,0,0,0,1,"2.2","6.9","7.0","1.6",0,0,0,0,0,0,0,0,18,12,0,0,0,0,2,0,0,0,0,"Batshuayi","Chelsea","Forward"
"114",114,1,"2017-08-12T14:00:00Z",4,TRUE,2,3,100,0,70685,0,0,0,0,0,0,0,0,0,0,0,0,0,0,0,0,"0.0","0.0","0.0","0.0",0,0,0,0,0,0,0,0,0,0,0,0,0,0,0,0,0,0,0,"Costa","Chelsea","Forward"
"115",115,1,"2017-08-12T14:00:00Z",8,TRUE,0,3,45,0,67318,0,0,2,90,0,0,0,3,0,0,0,0,0,4,0,19,"22.8","0.0","0.0","2.3",0,0,0,0,16,0,0,0,27,16,0,0,0,0,0,0,0,0,0,"Hennessey","Crystal Palace","Goalkeeper"
"116",116,1,"2017-08-12T14:00:00Z",8,TRUE,0,3,40,0,99107,0,0,0,0,0,0,0,0,0,0,0,0,0,0,0,0,"0.0","0.0","0.0","0.0",0,0,0,0,0,0,0,0,0,0,0,0,0,0,0,0,0,0,0,"Speroni","Crystal Palace","Goalkeeper"
"117",117,1,"2017-08-12T14:00:00Z",8,TRUE,0,3,45,0,67078,0,0,1,12,0,0,0,1,0,0,0,0,0,0,0,2,"0.6","0.5","4.0","0.5",0,0,0,1,2,0,0,0,11,10,0,0,0,0,0,0,1,0,0,"Tomkins","Crystal Palace","Defender"
"118",118,1,"2017-08-12T14:00:00Z",8,TRUE,0,3,50,0,55689,0,0,1,90,0,0,0,3,0,0,0,0,0,0,0,18,"11.8","0.4","4.0","1.6",0,0,0,5,8,0,1,0,44,38,0,0,0,0,0,0,1,0,3,"Dann","Crystal Palace","Defender"
"119",119,1,"2017-08-12T14:00:00Z",8,TRUE,0,3,50,0,25307,0,0,-1,90,0,0,0,3,1,0,0,0,0,0,0,15,"15.2","4.8","0.0","2.0",0,1,0,4,7,0,6,0,26,18,0,0,0,0,2,0,0,0,0,"Ward","Crystal Palace","Defender"
"120",120,1,"2017-08-12T14:00:00Z",8,TRUE,0,3,45,0,12549,0,0,0,0,0,0,0,0,0,0,0,0,0,0,0,0,"0.0","0.0","0.0","0.0",0,0,0,0,0,0,0,0,0,0,0,0,0,0,0,0,0,0,0,"Kelly","Crystal Palace","Defender"
"121",121,1,"2017-08-12T14:00:00Z",8,TRUE,0,3,45,0,26732,0,0,0,0,0,0,0,0,0,0,0,0,0,0,0,0,"0.0","0.0","0.0","0.0",0,0,0,0,0,0,0,0,0,0,0,0,0,0,0,0,0,0,0,"Delaney","Crystal Palace","Defender"
"122",122,1,"2017-08-12T14:00:00Z",8,TRUE,0,3,45,0,629,0,0,0,0,0,0,0,0,0,0,0,0,0,0,0,0,"0.0","0.0","0.0","0.0",0,0,0,0,0,0,0,0,0,0,0,0,0,0,0,0,0,0,0,"Souaré","Crystal Palace","Defender"
"123",123,1,"2017-08-12T14:00:00Z",8,TRUE,0,3,50,0,15544,0,0,0,0,0,0,0,0,0,0,0,0,0,0,0,0,"0.0","0.0","0.0","0.0",0,0,0,0,0,0,0,0,0,0,0,0,0,0,0,0,0,0,0,"Schlupp","Crystal Palace","Defender"
"124",124,1,"2017-08-12T14:00:00Z",8,TRUE,0,3,55,0,170864,0,0,1,90,0,0,0,3,0,0,0,0,0,0,0,12,"16.8","57.9","30.0","10.5",0,0,0,3,4,4,2,0,37,29,0,0,0,0,2,0,1,5,2,"van Aanholt","Crystal Palace","Defender"
"125",125,1,"2017-08-12T14:00:00Z",8,TRUE,0,3,50,0,62271,0,0,1,90,0,0,0,3,0,0,0,1,0,0,0,6,"8.4","3.8","9.0","2.1",0,0,0,3,4,0,0,0,44,40,0,0,0,0,3,0,1,1,0,"Puncheon","Crystal Palace","Midfielder"
"126",126,1,"2017-08-12T14:00:00Z",8,TRUE,0,3,70,0,1039751,0,0,2,90,0,0,0,3,0,0,0,0,0,0,0,-1,"13.0","12.5","46.0","7.2",0,0,0,0,3,1,0,0,19,12,0,1,0,0,9,0,1,0,4,"Zaha","Crystal Palace","Midfielder"
"127",127,1,"2017-08-12T14:00:00Z",8,TRUE,0,3,45,0,219884,0,0,0,0,0,0,0,0,0,0,0,0,0,0,0,0,"0.0","0.0","0.0","0.0",0,0,0,0,0,0,0,0,0,0,0,0,0,0,0,0,0,0,0,"McArthur","Crystal Palace","Midfielder"
"128",128,1,"2017-08-12T14:00:00Z",8,TRUE,0,3,45,0,4623,0,0,0,0,0,0,0,0,0,0,0,0,0,0,0,0,"0.0","0.0","0.0","0.0",0,0,0,0,0,0,0,0,0,0,0,0,0,0,0,0,0,0,0,"Lee Chung-yong","Crystal Palace","Midfielder"
"129",129,1,"2017-08-12T14:00:00Z",8,TRUE,0,3,55,0,21311,0,0,0,0,0,0,0,0,0,0,0,0,0,0,0,0,"0.0","0.0","0.0","0.0",0,0,0,0,0,0,0,0,0,0,0,0,0,0,0,0,0,0,0,"Cabaye","Crystal Palace","Midfielder"
"130",130,1,"2017-08-12T14:00:00Z",8,TRUE,0,3,50,0,3408,0,0,0,0,0,0,0,0,0,0,0,0,0,0,0,0,"0.0","0.0","0.0","0.0",0,0,0,0,0,0,0,0,0,0,0,0,0,0,0,0,0,0,0,"Sako","Crystal Palace","Midfielder"
"131",131,1,"2017-08-12T14:00:00Z",8,TRUE,0,3,60,0,117997,0,0,1,45,0,0,0,1,0,0,0,0,0,0,0,13,"9.2","16.3","2.0","2.8",0,0,1,0,1,2,2,0,14,8,0,0,0,0,2,0,0,0,3,"Townsend","Crystal Palace","Midfielder"
"132",132,1,"2017-08-12T14:00:00Z",8,TRUE,0,3,50,0,60673,0,0,1,45,0,0,0,2,0,0,0,0,0,0,0,4,"2.8","3.5","0.0","0.6",0,0,0,1,5,0,0,0,28,21,0,0,0,0,1,0,0,0,1,"Milivojevic","Crystal Palace","Midfielder"
"133",133,1,"2017-08-12T14:00:00Z",8,TRUE,0,3,55,0,1117,0,0,0,0,0,0,0,0,0,0,0,0,0,0,0,0,"0.0","0.0","0.0","0.0",0,0,0,0,0,0,0,0,0,0,0,0,0,0,0,0,0,0,0,"Wickham","Crystal Palace","Forward"
"134",134,1,"2017-08-12T14:00:00Z",8,TRUE,0,3,80,0,420235,0,0,2,90,0,0,0,3,0,0,0,0,0,0,0,-2,"0.0","2.4","35.0","3.7",0,0,0,1,0,0,0,0,19,10,0,1,0,0,2,0,2,1,0,"Benteke","Crystal Palace","Forward"
"135",135,1,"2017-08-12T14:00:00Z",15,TRUE,1,0,50,0,408612,0,0,6,90,0,0,1,0,0,0,0,0,0,1,0,24,"7.0","0.0","0.0","0.7",0,0,0,5,7,0,0,0,29,13,0,0,0,0,0,0,0,0,0,"Pickford","Everton","Goalkeeper"
"136",136,1,"2017-08-12T14:00:00Z",15,TRUE,1,0,45,0,12979,0,0,0,0,0,0,0,0,0,0,0,0,0,0,0,0,"0.0","0.0","0.0","0.0",0,0,0,0,0,0,0,0,0,0,0,0,0,0,0,0,0,0,0,"Robles","Everton","Goalkeeper"
"137",137,1,"2017-08-12T14:00:00Z",15,TRUE,1,0,45,0,28828,0,0,0,0,0,0,0,0,0,0,0,0,0,0,0,0,"0.0","0.0","0.0","0.0",0,0,0,0,0,0,0,0,0,0,0,0,0,0,0,0,0,0,0,"Stekelenburg","Everton","Goalkeeper"
"138",138,1,"2017-08-12T14:00:00Z",15,TRUE,1,0,60,0,455490,0,0,6,90,0,0,1,0,0,0,0,0,0,0,0,18,"6.8","11.5","0.0","1.8",0,0,0,3,2,1,0,0,28,18,0,0,0,0,2,0,0,0,0,"Baines","Everton","Defender"
"139",139,1,"2017-08-12T14:00:00Z",15,TRUE,1,0,65,0,8554,0,0,0,0,0,0,0,0,0,0,0,0,0,0,0,0,"0.0","0.0","0.0","0.0",0,0,0,0,0,0,0,0,0,0,0,0,0,0,0,0,0,0,0,"Coleman","Everton","Defender"
"140",140,1,"2017-08-12T14:00:00Z",15,TRUE,1,0,50,0,282207,0,0,7,90,0,0,1,0,0,0,0,0,0,0,1,26,"22.8","1.3","6.0","3.0",0,0,0,10,3,0,0,0,65,48,0,0,0,0,0,0,0,0,0,"Jagielka","Everton","Defender"
"141",141,1,"2017-08-12T14:00:00Z",15,TRUE,1,0,40,0,6005,0,0,0,0,0,0,0,0,0,0,0,0,0,0,0,0,"0.0","0.0","0.0","0.0",0,0,0,0,0,0,0,0,0,0,0,0,0,0,0,0,0,0,0,"Pennington","Everton","Defender"
"142",142,1,"2017-08-12T14:00:00Z",15,TRUE,1,0,50,0,1050,0,0,0,0,0,0,0,0,0,0,0,0,0,0,0,0,"0.0","0.0","0.0","0.0",0,0,0,0,0,0,0,0,0,0,0,0,0,0,0,0,0,0,0,"Funes Mori","Everton","Defender"
"143",143,1,"2017-08-12T14:00:00Z",15,TRUE,1,0,55,0,226751,0,0,1,45,0,0,0,0,0,0,0,0,0,0,0,10,"16.8","0.1","0.0","1.7",0,0,0,7,0,0,0,0,35,35,0,0,0,0,0,0,0,2,0,"Williams","Everton","Defender"
"144",144,1,"2017-08-12T14:00:00Z",15,TRUE,1,0,45,0,61326,0,0,0,0,0,0,0,0,0,0,0,0,0,0,0,0,"0.0","0.0","0.0","0.0",0,0,0,0,0,0,0,0,0,0,0,0,0,0,0,0,0,0,0,"Holgate","Everton","Defender"
"145",145,1,"2017-08-12T14:00:00Z",15,TRUE,1,0,45,0,5799,0,0,0,0,0,0,0,0,0,0,0,0,0,0,0,0,"0.0","0.0","0.0","0.0",0,0,0,0,0,0,0,0,0,0,0,0,0,0,0,0,0,0,0,"Kenny","Everton","Defender"
"146",146,1,"2017-08-12T14:00:00Z",15,TRUE,1,0,55,0,483590,0,0,8,90,0,0,1,0,0,0,0,0,0,0,2,31,"33.2","4.4","2.0","4.0",0,1,0,12,4,0,1,0,66,56,0,0,0,0,1,0,0,0,0,"Keane","Everton","Defender"
"147",147,1,"2017-08-12T14:00:00Z",15,TRUE,1,0,65,0,4207,0,0,0,0,0,0,0,0,0,0,0,0,0,0,0,0,"0.0","0.0","0.0","0.0",0,0,0,0,0,0,0,0,0,0,0,0,0,0,0,0,0,0,0,"Bolasie","Everton","Midfielder"
"148",148,1,"2017-08-12T14:00:00Z",15,TRUE,1,0,65,0,132889,0,0,1,13,0,0,0,0,0,0,0,0,0,0,0,6,"4.2","0.8","6.0","1.1",0,0,0,2,1,0,1,0,5,4,0,0,0,0,0,0,0,0,0,"Mirallas","Everton","Midfielder"
"149",149,1,"2017-08-12T14:00:00Z",15,TRUE,1,0,75,0,11234,0,0,0,0,0,0,0,0,0,0,0,0,0,0,0,0,"0.0","0.0","0.0","0.0",0,0,0,0,0,0,0,0,0,0,0,0,0,0,0,0,0,0,0,"Barkley","Everton","Midfielder"
"150",150,1,"2017-08-12T14:00:00Z",15,TRUE,1,0,50,0,2348,0,0,0,0,0,0,0,0,0,0,0,0,0,0,0,0,"0.0","0.0","0.0","0.0",0,0,0,0,0,0,0,0,0,0,0,0,0,0,0,0,0,0,0,"McCarthy","Everton","Midfielder"
"151",151,1,"2017-08-12T14:00:00Z",15,TRUE,1,0,45,0,93466,0,0,0,0,0,0,0,0,0,0,0,0,0,0,0,0,"0.0","0.0","0.0","0.0",0,0,0,0,0,0,0,0,0,0,0,0,0,0,0,0,0,0,0,"Barry","Everton","Midfielder"
"152",152,1,"2017-08-12T14:00:00Z",15,TRUE,1,0,45,0,7473,0,0,0,0,0,0,0,0,0,0,0,0,0,0,0,0,"0.0","0.0","0.0","0.0",0,0,0,0,0,0,0,0,0,0,0,0,0,0,0,0,0,0,0,"Besic","Everton","Midfielder"
"153",153,1,"2017-08-12T14:00:00Z",15,TRUE,1,0,55,0,4681,0,0,0,0,0,0,0,0,0,0,0,0,0,0,0,0,"0.0","0.0","0.0","0.0",0,0,0,0,0,0,0,0,0,0,0,0,0,0,0,0,0,0,0,"Lennon","Everton","Midfielder"
"154",154,1,"2017-08-12T14:00:00Z",15,TRUE,1,0,50,0,41115,0,0,3,90,0,0,1,0,0,0,0,0,0,0,0,17,"18.0","2.3","2.0","2.2",0,0,0,7,7,0,2,0,55,48,0,0,0,0,0,0,0,2,0,"Schneiderlin","Everton","Midfielder"
"155",155,1,"2017-08-12T14:00:00Z",15,TRUE,1,0,50,0,51661,0,0,3,90,0,0,1,0,0,0,0,0,0,0,0,17,"22.6","4.3","8.0","3.5",0,0,0,7,4,0,3,0,65,56,0,0,0,0,1,0,1,1,0,"Gueye","Everton","Midfielder"
"156",156,1,"2017-08-12T14:00:00Z",15,TRUE,1,0,55,0,40187,0,0,1,30,0,0,0,0,0,0,0,0,0,0,0,1,"3.0","1.4","0.0","0.4",0,0,0,1,2,0,0,0,14,10,0,0,0,0,1,0,0,1,0,"Davies","Everton","Midfielder"
"157",157,1,"2017-08-12T14:00:00Z",15,TRUE,1,0,55,0,8034,0,0,0,0,0,0,0,0,0,0,0,0,0,0,0,0,"0.0","0.0","0.0","0.0",0,0,0,0,0,0,0,0,0,0,0,0,0,0,0,0,0,0,0,"Lookman","Everton","Midfielder"
"158",158,1,"2017-08-12T14:00:00Z",15,TRUE,1,0,75,0,84202,0,0,1,59,0,0,0,0,0,0,0,0,0,0,0,4,"0.0","0.0","0.0","0.0",0,0,0,0,3,1,1,0,21,19,0,0,0,0,0,1,0,2,0,"Klaassen","Everton","Midfielder"
"159",159,1,"2017-08-12T14:00:00Z",15,TRUE,1,0,50,0,17219,0,0,5,90,0,1,1,0,0,0,0,0,0,0,0,18,"24.8","26.6","41.0","9.2",0,1,1,2,4,2,0,0,17,14,0,0,0,0,2,1,1,1,0,"Calvert-Lewin","Everton","Forward"
"160",160,1,"2017-08-12T14:00:00Z",15,TRUE,1,0,75,0,77226,0,0,2,76,0,0,1,0,0,0,0,0,0,0,0,2,"0.0","0.0","0.0","0.0",0,0,0,0,2,0,0,0,21,13,0,0,0,0,2,0,1,1,0,"Sandro","Everton","Forward"
"161",161,1,"2017-08-12T14:00:00Z",15,TRUE,1,0,75,0,604383,0,0,9,90,1,0,1,0,0,0,0,0,0,0,3,37,"47.6","50.8","23.0","12.1",0,1,0,3,5,2,1,1,52,43,0,0,0,0,5,0,0,2,0,"Rooney","Everton","Forward"
"162",162,1,"2017-08-12T14:00:00Z",6,FALSE,0,3,40,0,85198,0,0,0,0,0,0,0,0,0,0,0,0,0,0,0,0,"0.0","0.0","0.0","0.0",0,0,0,0,0,0,0,0,0,0,0,0,0,0,0,0,0,0,0,"Coleman","Huddersfield","Goalkeeper"
"163",163,1,"2017-08-12T14:00:00Z",6,FALSE,0,3,45,0,10469,0,0,9,90,0,0,1,0,0,0,0,0,0,4,2,31,"0.0","0.0","0.0","0.0",0,0,0,0,16,0,0,0,31,15,0,0,0,0,0,0,0,0,0,"Lössl","Huddersfield","Goalkeeper"
"164",164,1,"2017-08-12T14:00:00Z",6,FALSE,0,3,45,0,20491,0,0,6,90,0,0,1,0,0,0,0,0,0,0,0,23,"0.0","0.0","0.0","0.0",0,0,0,4,2,0,3,0,13,11,0,0,0,0,0,0,0,3,0,"Schindler","Huddersfield","Defender"
"165",165,1,"2017-08-12T14:00:00Z",6,FALSE,0,3,45,0,25608,0,0,6,90,0,0,1,0,0,0,0,0,0,0,0,16,"0.0","0.0","0.0","0.0",0,0,0,2,1,0,0,0,25,16,0,0,0,0,2,0,0,1,0,"Löwe","Huddersfield","Defender"
"166",166,1,"2017-08-12T14:00:00Z",6,FALSE,0,3,50,0,23205,0,0,0,56,0,0,0,0,0,0,0,1,0,0,0,2,"0.0","0.0","0.0","0.0",0,0,0,3,2,1,2,0,12,5,0,0,0,0,0,0,0,5,1,"Smith","Huddersfield","Defender"
"167",167,1,"2017-08-12T14:00:00Z",6,FALSE,0,3,45,0,7531,0,0,0,0,0,0,0,0,0,0,0,0,0,0,0,0,"0.0","0.0","0.0","0.0",0,0,0,0,0,0,0,0,0,0,0,0,0,0,0,0,0,0,0,"Hefele","Huddersfield","Defender"
"168",168,1,"2017-08-12T14:00:00Z",6,FALSE,0,3,40,0,9463,0,0,0,0,0,0,0,0,0,0,0,0,0,0,0,0,"0.0","0.0","0.0","0.0",0,0,0,0,0,0,0,0,0,0,0,0,0,0,0,0,0,0,0,"Cranie","Huddersfield","Defender"
"169",169,1,"2017-08-12T14:00:00Z",6,FALSE,0,3,40,0,5219,0,0,0,0,0,0,0,0,0,0,0,0,0,0,0,0,"0.0","0.0","0.0","0.0",0,0,0,0,0,0,0,0,0,0,0,0,0,0,0,0,0,0,0,"Stankovic","Huddersfield","Defender"
"170",170,1,"2017-08-12T14:00:00Z",6,FALSE,0,3,40,0,22798,0,0,0,0,0,0,0,0,0,0,0,0,0,0,0,0,"0.0","0.0","0.0","0.0",0,0,0,0,0,0,0,0,0,0,0,0,0,0,0,0,0,0,0,"Hudson","Huddersfield","Defender"
"171",171,1,"2017-08-12T14:00:00Z",6,FALSE,0,3,45,0,5958,0,0,10,90,0,1,1,0,0,0,0,0,0,0,1,29,"0.0","0.0","0.0","0.0",0,0,0,8,2,0,0,0,36,18,0,0,0,0,0,0,1,1,0,"Zanka","Huddersfield","Defender"
"172",172,1,"2017-08-12T14:00:00Z",6,FALSE,0,3,55,0,59955,0,0,6,90,0,1,1,0,0,0,0,0,0,0,0,22,"40.2","46.9","0.0","8.7",0,1,0,5,5,3,0,0,52,41,0,0,0,0,2,0,0,0,0,"Mooy","Huddersfield","Midfielder"
"173",173,1,"2017-08-12T14:00:00Z",6,FALSE,0,3,50,0,7333,0,0,1,4,0,0,0,0,0,0,0,0,0,0,0,0,"0.0","0.0","0.0","0.0",0,0,0,0,0,0,0,0,2,1,0,0,0,0,2,0,0,1,0,"van La Parra","Huddersfield","Midfielder"
"174",174,1,"2017-08-12T14:00:00Z",6,FALSE,0,3,45,0,1719,0,0,0,0,0,0,0,0,0,0,0,0,0,0,0,0,"0.0","0.0","0.0","0.0",0,0,0,0,0,0,0,0,0,0,0,0,0,0,0,0,0,0,0,"Hogg","Huddersfield","Midfielder"
"175",175,1,"2017-08-12T14:00:00Z",6,FALSE,0,3,45,0,6525,0,0,3,90,0,0,1,0,0,0,0,0,0,0,0,14,"0.0","0.0","0.0","0.0",0,0,0,7,8,0,1,0,52,38,0,0,0,0,1,0,0,0,0,"Billing","Huddersfield","Midfielder"
"176",176,1,"2017-08-12T14:00:00Z",6,FALSE,0,3,45,0,2543,0,0,0,0,0,0,0,0,0,0,0,0,0,0,0,0,"0.0","0.0","0.0","0.0",0,0,0,0,0,0,0,0,0,0,0,0,0,0,0,0,0,0,0,"Lolley","Huddersfield","Midfielder"
"177",177,1,"2017-08-12T14:00:00Z",6,FALSE,0,3,45,0,614,0,0,0,0,0,0,0,0,0,0,0,0,0,0,0,0,"0.0","0.0","0.0","0.0",0,0,0,0,0,0,0,0,0,0,0,0,0,0,0,0,0,0,0,"Payne","Huddersfield","Midfielder"
"178",178,1,"2017-08-12T14:00:00Z",6,FALSE,0,3,45,0,4561,0,0,0,0,0,0,0,0,0,0,0,0,0,0,0,0,"0.0","0.0","0.0","0.0",0,0,0,0,0,0,0,0,0,0,0,0,0,0,0,0,0,0,0,"Whitehead","Huddersfield","Midfielder"
"179",179,1,"2017-08-12T14:00:00Z",6,FALSE,0,3,45,0,816,0,0,0,0,0,0,0,0,0,0,0,0,0,0,0,0,"0.0","0.0","0.0","0.0",0,0,0,0,0,0,0,0,0,0,0,0,0,0,0,0,0,0,0,"Bunn","Huddersfield","Midfielder"
"180",180,1,"2017-08-12T14:00:00Z",6,FALSE,0,3,45,0,3336,0,0,0,0,0,0,0,0,0,0,0,0,0,0,0,0,"0.0","0.0","0.0","0.0",0,0,0,0,0,0,0,0,0,0,0,0,0,0,0,0,0,0,0,"Scannell","Huddersfield","Midfielder"
"181",181,1,"2017-08-12T14:00:00Z",6,FALSE,0,3,60,0,13170,0,0,3,90,0,0,1,0,0,0,0,0,0,0,0,10,"0.0","0.0","0.0","0.0",0,0,0,1,3,0,4,0,10,8,0,0,0,0,3,0,0,2,0,"Kachunga","Huddersfield","Midfielder"
"182",182,1,"2017-08-12T14:00:00Z",6,FALSE,0,3,60,0,70654,0,0,3,90,0,0,1,0,0,0,0,0,0,0,0,2,"0.0","0.0","0.0","0.0",0,0,0,1,6,0,0,0,16,8,0,0,0,0,5,0,0,2,1,"Ince","Huddersfield","Midfielder"
"183",183,1,"2017-08-12T14:00:00Z",6,FALSE,0,3,55,0,4071,0,0,2,71,0,0,1,0,0,0,0,1,0,0,0,-2,"2.2","4.9","7.0","1.4",0,0,0,0,1,0,0,0,12,7,0,0,0,0,4,0,0,2,1,"Palmer","Huddersfield","Midfielder"
"184",184,1,"2017-08-12T14:00:00Z",6,FALSE,0,3,50,0,3293,0,0,1,33,0,0,0,0,0,0,0,0,0,0,0,4,"0.0","0.0","0.0","0.0",0,0,0,1,0,0,1,0,11,8,0,0,0,0,0,0,0,1,0,"Williams","Huddersfield","Midfielder"
"185",185,1,"2017-08-12T14:00:00Z",6,FALSE,0,3,50,0,3137,0,0,0,0,0,0,0,0,0,0,0,0,0,0,0,0,"0.0","0.0","0.0","0.0",0,0,0,0,0,0,0,0,0,0,0,0,0,0,0,0,0,0,0,"Wells","Huddersfield","Forward"
"186",186,1,"2017-08-12T14:00:00Z",6,FALSE,0,3,45,0,142160,0,0,4,18,0,1,0,0,0,0,0,0,0,0,0,14,"0.0","0.0","0.0","0.0",0,0,0,1,1,1,0,0,5,4,0,0,0,0,0,0,0,0,1,"Quaner","Huddersfield","Forward"
"187",187,1,"2017-08-12T14:00:00Z",6,FALSE,0,3,55,0,8090,0,0,0,0,0,0,0,0,0,0,0,0,0,0,0,0,"0.0","0.0","0.0","0.0",0,0,0,0,0,0,0,0,0,0,0,0,0,0,0,0,0,0,0,"Depoitre","Huddersfield","Forward"
"188",188,1,"2017-08-12T14:00:00Z",6,FALSE,0,3,60,0,27779,0,0,12,85,2,0,1,0,0,0,0,1,0,0,3,46,"0.0","0.0","0.0","0.0",0,0,0,5,2,0,0,0,26,13,0,0,0,0,4,2,1,1,1,"Mounie","Huddersfield","Forward"
"189",189,1,"2017-08-11T18:45:00Z",1,FALSE,4,3,50,0,103260,0,0,2,90,0,0,0,4,0,0,0,0,0,6,0,20,"39.2","0.0","0.0","3.9",0,0,0,1,6,0,0,0,36,16,0,0,0,0,0,0,0,0,0,"Schmeichel","Leicester","Goalkeeper"
"190",190,1,"2017-08-11T18:45:00Z",1,FALSE,4,3,45,0,2368,0,0,0,0,0,0,0,0,0,0,0,0,0,0,0,0,"0.0","0.0","0.0","0.0",0,0,0,0,0,0,0,0,0,0,0,0,0,0,0,0,0,0,0,"Hamer","Leicester","Goalkeeper"
"191",191,1,"2017-08-11T18:45:00Z",1,FALSE,4,3,45,0,143971,0,0,-1,90,0,0,0,4,0,0,0,1,0,0,0,3,"13.8","0.6","0.0","1.4",0,0,0,7,2,0,0,0,16,12,0,0,0,0,0,0,0,4,1,"Morgan","Leicester","Defender"
"192",192,1,"2017-08-11T18:45:00Z",1,FALSE,4,3,50,0,167677,0,0,0,90,0,0,0,4,0,0,0,0,0,0,0,9,"19.6","16.0","0.0","3.6",0,1,0,5,4,1,0,0,29,17,0,0,0,0,2,0,0,0,0,"Fuchs","Leicester","Defender"
"193",193,1,"2017-08-11T18:45:00Z",1,FALSE,4,3,45,0,230727,0,0,0,90,0,0,0,4,0,0,0,0,0,0,0,10,"14.0","0.9","0.0","1.5",0,0,0,5,7,0,0,0,28,16,0,0,0,0,1,0,0,0,1,"Simpson","Leicester","Defender"
"194",194,1,"2017-08-11T18:45:00Z",1,FALSE,4,3,50,0,4887,0,0,0,0,0,0,0,0,0,0,0,0,0,0,0,0,"0.0","0.0","0.0","0.0",0,0,0,0,0,0,0,0,0,0,0,0,0,0,0,0,0,0,0,"Huth","Leicester","Defender"
"195",195,1,"2017-08-11T18:45:00Z",1,FALSE,4,3,45,0,3287,0,0,0,0,0,0,0,0,0,0,0,0,0,0,0,0,"0.0","0.0","0.0","0.0",0,0,0,0,0,0,0,0,0,0,0,0,0,0,0,0,0,0,0,"Benalouane","Leicester","Defender"
"196",196,1,"2017-08-11T18:45:00Z",1,FALSE,4,3,45,0,21829,0,0,0,0,0,0,0,0,0,0,0,0,0,0,0,0,"0.0","0.0","0.0","0.0",0,0,0,0,0,0,0,0,0,0,0,0,0,0,0,0,0,0,0,"Chilwell","Leicester","Defender"
"197",197,1,"2017-08-11T18:45:00Z",1,FALSE,4,3,45,0,570,0,0,0,0,0,0,0,0,0,0,0,0,0,0,0,0,"0.0","0.0","0.0","0.0",0,0,0,0,0,0,0,0,0,0,0,0,0,0,0,0,0,0,0,"Wagué","Leicester","Defender"
"198",198,1,"2017-08-11T18:45:00Z",1,FALSE,4,3,50,0,53600,0,0,3,90,0,1,0,4,0,0,0,0,0,0,0,22,"46.4","11.0","6.0","6.3",0,0,0,8,4,1,2,0,26,17,0,0,0,0,2,0,0,1,0,"Maguire","Leicester","Defender"
"199",199,1,"2017-08-11T18:45:00Z",1,FALSE,4,3,85,0,79107,0,0,5,90,0,1,0,4,0,0,0,0,0,0,0,10,"23.0","23.4","7.0","5.3",0,0,0,1,6,1,0,0,30,23,0,0,0,0,8,2,2,0,2,"Mahrez","Leicester","Midfielder"
"200",200,1,"2017-08-11T18:45:00Z",1,FALSE,4,3,55,0,45539,0,0,5,87,0,1,0,4,0,0,0,0,0,0,0,20,"31.0","20.2","2.0","5.3",0,2,1,3,5,1,0,0,18,14,0,0,0,0,3,0,0,0,0,"Albrighton","Leicester","Midfielder"
"201",201,1,"2017-08-11T18:45:00Z",1,FALSE,4,3,45,0,33071,0,0,0,0,0,0,0,0,0,0,0,0,0,0,0,0,"0.0","0.0","0.0","0.0",0,0,0,0,0,0,0,0,0,0,0,0,0,0,0,0,0,0,0,"King","Leicester","Midfielder"
"202",202,1,"2017-08-11T18:45:00Z",1,FALSE,4,3,50,0,13593,0,0,0,0,0,0,0,0,0,0,0,0,0,0,0,0,"0.0","0.0","0.0","0.0",0,0,0,0,0,0,0,0,0,0,0,0,0,0,0,0,0,0,0,"Drinkwater","Leicester","Midfielder"
"203",203,1,"2017-08-11T18:45:00Z",1,FALSE,4,3,55,0,33410,0,0,1,2,0,0,0,0,0,0,0,0,0,0,0,3,"0.0","0.3","0.0","0.0",0,0,0,0,0,0,0,0,3,1,0,0,0,0,0,0,0,0,0,"Gray","Leicester","Midfielder"
"204",204,1,"2017-08-11T18:45:00Z",1,FALSE,4,3,45,0,10847,0,0,1,18,0,0,0,2,0,0,0,0,0,0,0,2,"5.4","0.3","0.0","0.6",0,0,0,1,1,0,0,0,7,5,0,0,0,0,0,0,0,1,0,"Amartey","Leicester","Midfielder"
"205",205,1,"2017-08-11T18:45:00Z",1,FALSE,4,3,45,0,2968,0,0,0,0,0,0,0,0,0,0,0,0,0,0,0,0,"0.0","0.0","0.0","0.0",0,0,0,0,0,0,0,0,0,0,0,0,0,0,0,0,0,0,0,"Mendy","Leicester","Midfielder"
"206",206,1,"2017-08-11T18:45:00Z",1,FALSE,4,3,50,0,18763,0,0,2,90,0,0,0,4,0,0,0,0,0,0,0,10,"19.8","1.0","0.0","2.1",0,0,0,6,6,0,1,0,21,13,0,0,0,0,3,0,0,0,0,"Ndidi","Leicester","Midfielder"
"207",207,1,"2017-08-11T18:45:00Z",1,FALSE,4,3,65,0,35587,0,0,0,0,0,0,0,0,0,0,0,0,0,0,0,0,"0.0","0.0","0.0","0.0",0,0,0,0,0,0,0,0,0,0,0,0,0,0,0,0,0,0,0,"Musa","Leicester","Midfielder"
"208",208,1,"2017-08-11T18:45:00Z",1,FALSE,4,3,60,0,9263,0,0,0,0,0,0,0,0,0,0,0,0,0,0,0,0,"0.0","0.0","0.0","0.0",0,0,0,0,0,0,0,0,0,0,0,0,0,0,0,0,0,0,0,"Iborra","Leicester","Midfielder"
"209",209,1,"2017-08-11T18:45:00Z",1,FALSE,4,3,85,0,194195,0,0,13,90,2,0,0,4,0,0,0,0,0,0,3,55,"68.4","4.9","68.0","14.1",0,0,0,0,4,0,1,0,11,9,0,0,0,0,1,1,0,0,0,"Vardy","Leicester","Forward"
"210",210,1,"2017-08-11T18:45:00Z",1,FALSE,4,3,50,0,10072,0,0,0,0,0,0,0,0,0,0,0,0,0,0,0,0,"0.0","0.0","0.0","0.0",0,0,0,0,0,0,0,0,0,0,0,0,0,0,0,0,0,0,0,"Ulloa","Leicester","Forward"
"211",211,1,"2017-08-11T18:45:00Z",1,FALSE,4,3,55,0,42847,0,0,6,71,1,0,0,2,0,0,0,0,0,0,0,24,"29.6","3.8","37.0","7.0",0,0,0,0,4,0,0,0,20,10,0,0,0,0,3,0,1,3,0,"Okazaki","Leicester","Forward"
"212",212,1,"2017-08-11T18:45:00Z",1,FALSE,4,3,70,0,15744,0,0,0,0,0,0,0,0,0,0,0,0,0,0,0,0,"0.0","0.0","0.0","0.0",0,0,0,0,0,0,0,0,0,0,0,0,0,0,0,0,0,0,0,"Slimani","Leicester","Forward"
"213",213,1,"2017-08-12T11:30:00Z",18,FALSE,3,3,50,0,69381,0,0,0,90,0,0,0,3,0,0,0,1,0,1,0,9,"6.4","0.0","0.0","0.6",0,0,0,1,12,0,0,0,34,21,0,0,0,0,0,0,0,0,0,"Mignolet","Liverpool","Goalkeeper"
"214",214,1,"2017-08-12T11:30:00Z",18,FALSE,3,3,50,0,6473,0,0,0,0,0,0,0,0,0,0,0,0,0,0,0,0,"0.0","0.0","0.0","0.0",0,0,0,0,0,0,0,0,0,0,0,0,0,0,0,0,0,0,0,"Karius","Liverpool","Goalkeeper"
"215",215,1,"2017-08-12T11:30:00Z",18,FALSE,3,3,55,0,80102,0,0,1,90,0,0,0,3,0,0,0,0,0,0,0,17,"28.6","10.3","17.0","5.6",0,0,0,7,3,1,1,0,68,56,0,0,0,0,0,0,0,0,0,"Lovren","Liverpool","Defender"
"216",216,1,"2017-08-12T11:30:00Z",18,FALSE,3,3,45,0,65856,0,0,1,90,0,0,0,3,0,0,0,0,0,0,0,14,"25.8","12.8","7.0","4.6",0,0,0,5,2,1,1,0,44,35,0,0,0,0,0,0,0,1,2,"Moreno","Liverpool","Defender"
"217",217,1,"2017-08-12T11:30:00Z",18,FALSE,3,3,55,0,35830,0,0,0,0,0,0,0,0,0,0,0,0,0,0,0,0,"0.0","0.0","0.0","0.0",0,0,0,0,0,0,0,0,0,0,0,0,0,0,0,0,0,0,0,"Clyne","Liverpool","Defender"
"218",218,1,"2017-08-12T11:30:00Z",18,FALSE,3,3,45,0,14230,0,0,1,1,0,0,0,1,0,0,0,0,0,0,0,4,"3.2","14.1","0.0","1.7",0,1,0,0,0,1,0,0,2,1,0,0,0,0,0,0,0,1,0,"Gomez","Liverpool","Defender"
"219",219,1,"2017-08-12T11:30:00Z",18,FALSE,3,3,55,0,118699,0,0,1,90,0,0,0,3,0,0,0,0,0,0,0,17,"18.6","0.6","11.0","3.0",0,0,0,8,8,0,1,0,57,47,0,0,0,0,0,0,1,0,0,"Matip","Liverpool","Defender"
"220",220,1,"2017-08-12T11:30:00Z",18,FALSE,3,3,45,0,19836,0,0,0,0,0,0,0,0,0,0,0,0,0,0,0,0,"0.0","0.0","0.0","0.0",0,0,0,0,0,0,0,0,0,0,0,0,0,0,0,0,0,0,0,"Klavan","Liverpool","Defender"
"221",221,1,"2017-08-12T11:30:00Z",18,FALSE,3,3,50,0,3493,0,0,0,0,0,0,0,0,0,0,0,0,0,0,0,0,"0.0","0.0","0.0","0.0",0,0,0,0,0,0,0,0,0,0,0,0,0,0,0,0,0,0,0,"Sakho","Liverpool","Defender"
"222",222,1,"2017-08-12T11:30:00Z",18,FALSE,3,3,65,0,291610,0,0,1,4,0,0,0,1,0,0,0,0,0,0,0,5,"2.0","0.3","0.0","0.2",0,0,0,0,0,0,1,0,4,1,0,0,0,0,0,0,0,0,0,"Milner","Liverpool","Defender"
"223",223,1,"2017-08-12T11:30:00Z",18,FALSE,3,3,45,0,105135,0,0,0,90,0,0,0,2,0,0,0,1,0,0,0,9,"18.0","30.6","0.0","4.9",0,0,0,7,3,2,0,0,40,29,0,0,0,0,1,0,0,1,0,"Alexander-Arnold","Liverpool","Defender"
"224",224,1,"2017-08-12T11:30:00Z",18,FALSE,3,3,45,0,1491,0,0,0,0,0,0,0,0,0,0,0,0,0,0,0,0,"0.0","0.0","0.0","0.0",0,0,0,0,0,0,0,0,0,0,0,0,0,0,0,0,0,0,0,"Lucas","Liverpool","Midfielder"
"225",225,1,"2017-08-12T11:30:00Z",18,FALSE,3,3,55,0,46946,0,0,2,90,0,0,0,3,0,0,0,0,0,0,0,13,"10.8","13.6","0.0","2.4",0,0,0,0,9,1,2,0,68,47,0,0,0,0,1,0,0,0,0,"Henderson","Liverpool","Midfielder"
"226",226,1,"2017-08-12T11:30:00Z",18,FALSE,3,3,90,0,265913,0,0,0,0,0,0,0,0,0,0,0,0,0,0,0,0,"0.0","0.0","0.0","0.0",0,0,0,0,0,0,0,0,0,0,0,0,0,0,0,0,0,0,0,"Coutinho","Liverpool","Midfielder"
"227",227,1,"2017-08-12T11:30:00Z",18,FALSE,3,3,50,0,273154,0,0,5,90,0,1,0,3,0,0,0,0,0,0,0,24,"26.2","16.4","0.0","4.3",0,0,0,2,4,1,3,0,41,33,0,0,0,0,1,0,0,3,0,"Can","Liverpool","Midfielder"
"228",228,1,"2017-08-12T11:30:00Z",18,FALSE,3,3,75,0,45019,0,0,0,0,0,0,0,0,0,0,0,0,0,0,0,0,"0.0","0.0","0.0","0.0",0,0,0,0,0,0,0,0,0,0,0,0,0,0,0,0,0,0,0,"Lallana","Liverpool","Midfielder"
"229",229,1,"2017-08-12T11:30:00Z",18,FALSE,3,3,50,0,1876,0,0,0,0,0,0,0,0,0,0,0,0,0,0,0,0,"0.0","0.0","0.0","0.0",0,0,0,0,0,0,0,0,0,0,0,0,0,0,0,0,0,0,0,"Sheyi Ojo","Liverpool","Midfielder"
"230",230,1,"2017-08-12T11:30:00Z",18,FALSE,3,3,95,0,897388,0,0,6,90,1,0,0,3,0,0,0,1,0,0,0,18,"36.8","28.1","27.0","9.2",0,0,0,0,3,2,1,0,29,20,0,0,0,0,6,0,1,1,0,"Mané","Liverpool","Midfielder"
"231",231,1,"2017-08-12T11:30:00Z",18,FALSE,3,3,45,0,8123,0,0,0,0,0,0,0,0,0,0,0,0,0,0,0,0,"0.0","0.0","0.0","0.0",0,0,0,0,0,0,0,0,0,0,0,0,0,0,0,0,0,0,0,"Grujic","Liverpool","Midfielder"
"232",232,1,"2017-08-12T11:30:00Z",18,FALSE,3,3,70,0,295522,0,0,2,90,0,0,0,3,0,0,0,0,0,0,0,9,"6.0","14.4","22.0","4.2",0,0,0,2,3,1,0,0,39,28,0,0,0,0,1,0,1,0,0,"Wijnaldum","Liverpool","Midfielder"
"233",233,1,"2017-08-12T11:30:00Z",18,FALSE,3,3,45,0,9101,0,0,0,0,0,0,0,0,0,0,0,0,0,0,0,0,"0.0","0.0","0.0","0.0",0,0,0,0,0,0,0,0,0,0,0,0,0,0,0,0,0,0,0,"Woodburn","Liverpool","Midfielder"
"234",234,1,"2017-08-12T11:30:00Z",18,FALSE,3,3,90,0,874608,0,0,11,85,1,1,0,2,0,0,0,0,0,0,1,26,"0.0","0.0","0.0","0.0",0,0,0,0,5,0,0,0,18,14,0,0,0,0,3,1,4,1,1,"Salah","Liverpool","Midfielder"
"235",235,1,"2017-08-12T11:30:00Z",18,FALSE,3,3,85,0,868769,0,0,12,80,1,1,0,2,0,0,0,0,0,0,3,42,"56.0","27.5","25.0","10.9",0,0,1,1,3,2,0,0,30,19,0,0,0,0,5,0,1,0,3,"Firmino","Liverpool","Forward"
"236",236,1,"2017-08-12T11:30:00Z",18,FALSE,3,3,80,0,30609,0,0,0,0,0,0,0,0,0,0,0,0,0,0,0,0,"0.0","0.0","0.0","0.0",0,0,0,0,0,0,0,0,0,0,0,0,0,0,0,0,0,0,0,"Sturridge","Liverpool","Forward"
"237",237,1,"2017-08-12T11:30:00Z",18,FALSE,3,3,55,0,2970,0,0,0,0,0,0,0,0,0,0,0,0,0,0,0,0,"0.0","0.0","0.0","0.0",0,0,0,0,0,0,0,0,0,0,0,0,0,0,0,0,0,0,0,"Ings","Liverpool","Forward"
"238",238,1,"2017-08-12T11:30:00Z",18,FALSE,3,3,75,0,26128,0,0,1,9,0,0,0,1,0,0,0,0,0,0,0,3,"0.0","0.0","0.0","0.0",0,0,0,0,0,0,0,0,2,1,0,0,0,0,0,0,0,0,0,"Origi","Liverpool","Forward"
"239",239,1,"2017-08-12T11:30:00Z",18,FALSE,3,3,50,0,151051,0,0,0,0,0,0,0,0,0,0,0,0,0,0,0,0,"0.0","0.0","0.0","0.0",0,0,0,0,0,0,0,0,0,0,0,0,0,0,0,0,0,0,0,"Solanke","Liverpool","Forward"
"240",240,1,"2017-08-12T16:30:00Z",3,FALSE,0,2,55,0,163725,0,0,6,90,0,0,1,0,0,0,0,0,0,2,0,24,"0.0","0.0","0.0","0.0",0,0,0,1,9,0,0,0,17,13,0,0,0,1,0,0,0,0,0,"Ederson","Man City","Goalkeeper"
"241",241,1,"2017-08-12T16:30:00Z",3,FALSE,0,2,50,0,34470,0,0,0,0,0,0,0,0,0,0,0,0,0,0,0,0,"0.0","0.0","0.0","0.0",0,0,0,0,0,0,0,0,0,0,0,0,0,0,0,0,0,0,0,"Bravo","Man City","Goalkeeper"
"242",242,1,"2017-08-12T16:30:00Z",3,FALSE,0,2,55,0,193659,0,0,6,90,0,0,1,0,0,0,0,0,0,0,0,24,"16.6","5.6","0.0","2.2",0,0,0,2,2,0,0,0,98,95,0,0,0,0,0,0,0,1,0,"Stones","Man City","Defender"
"243",243,1,"2017-08-12T16:30:00Z",3,FALSE,0,2,55,0,3031,0,0,0,0,0,0,0,0,0,0,0,0,0,0,0,0,"0.0","0.0","0.0","0.0",0,0,0,0,0,0,0,0,0,0,0,0,0,0,0,0,0,0,0,"Kolarov","Man City","Defender"
"244",244,1,"2017-08-12T16:30:00Z",3,FALSE,0,2,60,0,220819,0,0,6,90,0,0,1,0,0,0,0,0,0,0,0,25,"23.4","3.7","0.0","2.7",0,0,0,5,3,0,0,0,88,79,0,0,0,0,0,0,0,0,0,"Kompany","Man City","Defender"
"245",245,1,"2017-08-12T16:30:00Z",3,FALSE,0,2,55,0,146658,0,0,8,90,0,0,1,0,0,0,0,0,0,0,2,30,"17.6","5.6","8.0","3.1",0,0,0,6,6,0,1,0,102,94,0,0,0,0,0,0,0,1,0,"Otamendi","Man City","Defender"
"246",246,1,"2017-08-12T16:30:00Z",3,FALSE,0,2,45,0,11529,0,0,0,0,0,0,0,0,0,0,0,0,0,0,0,0,"0.0","0.0","0.0","0.0",0,0,0,0,0,0,0,0,0,0,0,0,0,0,0,0,0,0,0,"Delph","Man City","Midfielder"
"247",247,1,"2017-08-12T16:30:00Z",3,FALSE,0,2,80,0,247309,0,0,0,12,0,0,0,0,0,0,0,1,0,0,0,-1,"0.0","4.3","0.0","0.4",0,0,0,0,0,0,0,0,6,6,0,0,0,0,1,0,0,1,1,"Sterling","Man City","Midfielder"
"248",248,1,"2017-08-12T16:30:00Z",3,FALSE,0,2,80,0,167664,0,0,8,90,0,1,1,0,0,0,0,0,0,0,2,30,"34.8","74.1","4.0","11.3",0,0,1,1,2,5,1,0,101,94,0,0,0,0,0,1,0,1,1,"David Silva","Man City","Midfielder"
"249",249,1,"2017-08-12T16:30:00Z",3,FALSE,0,2,65,0,85542,0,0,0,0,0,0,0,0,0,0,0,0,0,0,0,0,"0.0","0.0","0.0","0.0",0,0,0,0,0,0,0,0,0,0,0,0,0,0,0,0,0,0,0,"Yaya Touré","Man City","Midfielder"
"250",250,1,"2017-08-12T16:30:00Z",3,FALSE,0,2,50,0,37579,0,0,6,90,0,1,1,0,0,0,0,0,0,0,0,22,"13.2","29.6","15.0","5.8",0,0,0,3,6,1,0,0,99,86,0,0,0,0,0,0,1,0,0,"Fernandinho","Man City","Midfielder"
"251",251,1,"2017-08-12T16:30:00Z",3,FALSE,0,2,45,0,5817,0,0,0,0,0,0,0,0,0,0,0,0,0,0,0,0,"0.0","0.0","0.0","0.0",0,0,0,0,0,0,0,0,0,0,0,0,0,0,0,0,0,0,0,"Fernando","Man City","Midfielder"
"252",252,1,"2017-08-12T16:30:00Z",3,FALSE,0,2,100,0,1236998,0,0,3,90,0,0,1,0,0,0,0,0,0,0,0,14,"15.0","17.2","37.0","6.9",0,0,0,0,5,0,2,0,82,73,0,0,0,0,2,0,0,0,1,"De Bruyne","Man City","Midfielder"
"253",253,1,"2017-08-12T16:30:00Z",3,FALSE,0,2,55,0,17173,0,0,0,0,0,0,0,0,0,0,0,0,0,0,0,0,"0.0","0.0","0.0","0.0",0,0,0,0,0,0,0,0,0,0,0,0,0,0,0,0,0,0,0,"Gündogan","Man City","Midfielder"
"254",254,1,"2017-08-12T16:30:00Z",3,FALSE,0,2,70,0,2939,0,0,0,0,0,0,0,0,0,0,0,0,0,0,0,0,"0.0","0.0","0.0","0.0",0,0,0,0,0,0,0,0,0,0,0,0,0,0,0,0,0,0,0,"Nolito","Man City","Midfielder"
"255",255,1,"2017-08-12T16:30:00Z",3,FALSE,0,2,85,0,211370,0,0,1,22,0,0,0,0,0,0,0,0,0,0,0,2,"0.0","1.6","4.0","0.6",0,0,0,0,0,0,1,0,12,12,0,0,0,0,1,0,0,2,0,"Sané","Man City","Midfielder"
"256",256,1,"2017-08-12T16:30:00Z",3,FALSE,0,2,80,0,91243,0,0,1,7,0,0,0,0,0,0,0,0,0,0,0,3,"0.0","0.0","0.0","0.0",0,0,0,0,0,0,0,0,14,12,0,0,0,0,0,0,0,0,0,"Bernardo Silva","Man City","Midfielder"
"257",257,1,"2017-08-12T16:30:00Z",3,FALSE,0,2,115,0,439441,0,0,9,82,1,0,1,0,0,0,0,0,0,0,3,33,"38.2","28.8","29.0","9.6",0,1,1,0,2,2,0,1,19,13,0,1,0,0,2,0,1,1,1,"Agüero","Man City","Forward"
"258",258,1,"2017-08-11T18:45:00Z",1,FALSE,4,3,70,0,140110,0,0,1,8,0,0,0,2,0,0,0,0,0,0,0,3,"0.0","0.0","0.0","0.0",0,0,0,0,0,0,0,0,2,1,0,0,0,0,0,0,0,0,0,"Iheanacho","Leicester","Forward"
"259",259,1,"2017-08-12T16:30:00Z",3,FALSE,0,2,105,0,526481,0,0,1,77,0,0,1,0,0,0,0,1,0,0,0,-4,"0.0","9.4","69.0","7.8",0,0,0,0,4,0,0,0,25,20,0,2,0,0,0,0,2,2,2,"Jesus","Man City","Forward"
"260",260,1,"2017-08-13T15:00:00Z",20,TRUE,4,0,55,0,1195182,0,0,6,90,0,0,1,0,0,0,0,0,0,1,0,22,"0.0","0.0","0.0","0.0",0,0,0,0,8,0,0,0,26,19,0,0,0,0,0,0,0,0,0,"de Gea","Man Utd","Goalkeeper"
"261",261,1,"2017-08-13T15:00:00Z",20,TRUE,4,0,50,0,7601,0,0,0,0,0,0,0,0,0,0,0,0,0,0,0,0,"0.0","0.0","0.0","0.0",0,0,0,0,0,0,0,0,0,0,0,0,0,0,0,0,0,0,0,"Romero","Man Utd","Goalkeeper"
"262",262,1,"2017-08-13T15:00:00Z",20,TRUE,4,0,40,0,38383,0,0,0,0,0,0,0,0,0,0,0,0,0,0,0,0,"0.0","0.0","0.0","0.0",0,0,0,0,0,0,0,0,0,0,0,0,0,0,0,0,0,0,0,"Joel Pereira","Man Utd","Goalkeeper"
"263",263,1,"2017-08-13T15:00:00Z",20,TRUE,4,0,55,0,65797,0,0,0,0,0,0,0,0,0,0,0,0,0,0,0,0,"0.0","0.0","0.0","0.0",0,0,0,0,0,0,0,0,0,0,0,0,0,0,0,0,0,0,0,"Smalling","Man Utd","Defender"
"264",264,1,"2017-08-13T15:00:00Z",20,TRUE,4,0,50,0,28003,0,0,6,90,0,0,1,0,0,0,0,0,0,0,0,27,"0.0","0.0","0.0","0.0",0,0,0,7,5,0,0,0,60,55,0,0,0,0,0,0,0,1,0,"Jones","Man Utd","Defender"
"265",265,1,"2017-08-13T15:00:00Z",20,TRUE,4,0,50,0,3576,0,0,0,0,0,0,0,0,0,0,0,0,0,0,0,0,"0.0","0.0","0.0","0.0",0,0,0,0,0,0,0,0,0,0,0,0,0,0,0,0,0,0,0,"Shaw","Man Utd","Defender"
"266",266,1,"2017-08-13T15:00:00Z",20,TRUE,4,0,55,0,1964,0,0,0,0,0,0,0,0,0,0,0,0,0,0,0,0,"0.0","0.0","0.0","0.0",0,0,0,0,0,0,0,0,0,0,0,0,0,0,0,0,0,0,0,"Rojo","Man Utd","Defender"
"267",267,1,"2017-08-13T15:00:00Z",20,TRUE,4,0,65,0,362470,0,0,5,90,0,0,1,0,0,0,0,1,0,0,0,22,"0.0","0.0","0.0","0.0",0,1,0,5,4,1,0,0,40,37,0,0,0,0,2,0,0,3,1,"Valencia","Man Utd","Defender"
"268",268,1,"2017-08-13T15:00:00Z",20,TRUE,4,0,55,0,29145,0,0,0,0,0,0,0,0,0,0,0,0,0,0,0,0,"0.0","0.0","0.0","0.0",0,0,0,0,0,0,0,0,0,0,0,0,0,0,0,0,0,0,0,"Darmian","Man Utd","Defender"
"269",269,1,"2017-08-12T14:00:00Z",8,TRUE,0,3,45,0,60308,0,0,1,77,0,0,0,2,0,0,0,0,0,0,0,19,"18.2","1.0","0.0","1.9",0,0,0,6,4,0,4,0,38,28,0,0,0,0,1,0,0,0,0,"Fosu-Mensah","Crystal Palace","Defender"
"270",270,1,"2017-08-13T15:00:00Z",20,TRUE,4,0,55,0,53799,0,0,6,90,0,0,1,0,0,0,0,0,0,0,0,23,"0.0","0.0","0.0","0.0",0,1,0,6,3,1,0,0,36,26,0,0,0,0,0,0,2,2,1,"Blind","Man Utd","Defender"
"271",271,1,"2017-08-13T15:00:00Z",20,TRUE,4,0,60,0,352951,0,0,5,90,0,0,1,0,0,0,0,1,0,0,0,21,"0.0","0.0","0.0","0.0",0,0,0,5,8,0,0,0,53,43,0,0,0,0,0,0,0,2,0,"Bailly","Man Utd","Defender"
"272",272,1,"2017-08-13T15:00:00Z",20,TRUE,4,0,40,0,66867,0,0,0,0,0,0,0,0,0,0,0,0,0,0,0,0,"0.0","0.0","0.0","0.0",0,0,0,0,0,0,0,0,0,0,0,0,0,0,0,0,0,0,0,"Tuanzebe","Man Utd","Defender"
"273",273,1,"2017-08-13T15:00:00Z",20,TRUE,4,0,55,0,259905,0,0,0,0,0,0,0,0,0,0,0,0,0,0,0,0,"0.0","0.0","0.0","0.0",0,0,0,0,0,0,0,0,0,0,0,0,0,0,0,0,0,0,0,"Lindelöf","Man Utd","Defender"
"274",274,1,"2017-08-13T15:00:00Z",20,TRUE,4,0,70,0,127293,0,0,3,75,0,0,1,0,0,0,0,0,0,0,0,17,"0.0","0.0","0.0","0.0",0,0,0,2,7,2,2,0,38,34,0,0,0,0,1,0,0,2,1,"Mata","Man Utd","Midfielder"
"275",275,1,"2017-08-13T15:00:00Z",20,TRUE,4,0,50,0,20119,0,0,1,14,0,0,0,0,0,0,0,0,0,0,0,2,"0.0","0.0","0.0","0.0",0,0,0,0,1,0,0,0,11,10,0,0,0,0,0,0,0,1,0,"Fellaini","Man Utd","Midfielder"
"276",276,1,"2017-08-13T15:00:00Z",20,TRUE,4,0,45,0,48481,0,0,0,0,0,0,0,0,0,0,0,0,0,0,0,0,"0.0","0.0","0.0","0.0",0,0,0,0,0,0,0,0,0,0,0,0,0,0,0,0,0,0,0,"Carrick","Man Utd","Midfielder"
"277",277,1,"2017-08-13T15:00:00Z",20,TRUE,4,0,50,0,513,0,0,0,0,0,0,0,0,0,0,0,0,0,0,0,0,"0.0","0.0","0.0","0.0",0,0,0,0,0,0,0,0,0,0,0,0,0,0,0,0,0,0,0,"Young","Man Utd","Midfielder"
"278",278,1,"2017-08-13T15:00:00Z",20,TRUE,4,0,55,0,204440,0,0,0,0,0,0,0,0,0,0,0,0,0,0,0,0,"0.0","0.0","0.0","0.0",0,0,0,0,0,0,0,0,0,0,0,0,0,0,0,0,0,0,0,"Herrera","Man Utd","Midfielder"
"279",279,1,"2017-08-13T15:00:00Z",20,TRUE,4,0,60,0,12315,0,0,1,2,0,0,0,0,0,0,0,0,0,0,0,3,"0.0","0.0","0.0","0.0",0,0,0,0,0,0,0,0,4,4,0,0,0,0,0,0,0,0,0,"Lingard","Man Utd","Midfielder"
"280",280,1,"2017-08-13T15:00:00Z",20,TRUE,4,0,80,0,38558,0,0,9,10,1,1,0,0,0,0,0,0,0,0,0,32,"0.0","0.0","0.0","0.0",0,0,0,0,0,1,0,0,7,6,0,0,0,0,0,0,0,0,1,"Martial","Man Utd","Midfielder"
"281",281,1,"2017-08-13T15:00:00Z",20,TRUE,4,0,80,0,271342,0,0,9,87,0,2,1,0,0,0,0,0,0,0,0,44,"0.0","0.0","0.0","0.0",0,1,2,0,6,6,1,0,41,37,0,0,0,0,4,0,2,0,3,"Mkhitaryan","Man Utd","Midfielder"
"282",282,1,"2017-08-13T15:00:00Z",20,TRUE,4,0,80,0,812407,0,0,8,90,1,0,1,0,0,0,0,0,0,0,0,31,"0.0","0.0","0.0","0.0",0,0,0,2,6,2,0,0,62,54,0,0,0,0,4,0,0,4,6,"Pogba","Man Utd","Midfielder"
"283",283,1,"2017-08-13T15:00:00Z",20,TRUE,4,0,45,0,1850,0,0,0,0,0,0,0,0,0,0,0,0,0,0,0,0,"0.0","0.0","0.0","0.0",0,0,0,0,0,0,0,0,0,0,0,0,0,0,0,0,0,0,0,"McTominay","Man Utd","Midfielder"
"284",284,1,"2017-08-13T15:00:00Z",20,TRUE,4,0,75,0,209974,0,0,5,79,0,1,1,0,0,0,0,0,0,0,0,15,"0.0","0.0","0.0","0.0",0,0,1,1,3,1,1,0,19,16,0,0,0,0,3,1,3,2,2,"Rashford","Man Utd","Forward"
"285",285,1,"2017-08-13T15:00:00Z",20,TRUE,4,0,115,0,1902800,0,0,10,90,2,0,1,0,0,0,0,0,0,0,0,55,"0.0","0.0","0.0","0.0",0,0,0,1,1,3,0,1,25,16,0,0,0,0,5,0,1,0,1,"Lukaku","Man Utd","Forward"
"286",286,1,"2017-08-13T12:30:00Z",17,TRUE,0,2,40,0,694817,0,0,2,90,0,0,0,2,0,0,0,0,0,4,0,17,"0.0","0.0","0.0","0.0",0,0,0,0,10,0,0,0,30,8,0,0,0,0,0,0,0,0,0,"Elliot","Newcastle","Goalkeeper"
"287",287,1,"2017-08-13T12:30:00Z",17,TRUE,0,2,45,0,18015,0,0,0,0,0,0,0,0,0,0,0,0,0,0,0,0,"0.0","0.0","0.0","0.0",0,0,0,0,0,0,0,0,0,0,0,0,0,0,0,0,0,0,0,"Darlow","Newcastle","Goalkeeper"
"288",288,1,"2017-08-13T12:30:00Z",17,TRUE,0,2,45,0,17756,0,0,0,0,0,0,0,0,0,0,0,0,0,0,0,0,"0.0","0.0","0.0","0.0",0,0,0,0,0,0,0,0,0,0,0,0,0,0,0,0,0,0,0,"Yedlin","Newcastle","Defender"
"289",289,1,"2017-08-13T12:30:00Z",17,TRUE,0,2,45,0,29375,0,0,1,90,0,0,0,2,0,0,0,0,0,0,0,12,"0.0","0.0","0.0","0.0",0,0,0,4,4,0,2,0,30,19,0,0,0,0,0,0,0,1,0,"Clark","Newcastle","Defender"
"290",290,1,"2017-08-13T12:30:00Z",17,TRUE,0,2,45,0,68429,0,0,1,83,0,0,0,2,0,0,0,0,0,0,0,14,"0.0","0.0","0.0","0.0",0,0,0,8,6,0,1,0,21,14,0,0,0,0,0,0,0,0,0,"Lascelles","Newcastle","Defender"
"291",291,1,"2017-08-13T12:30:00Z",17,TRUE,0,2,45,0,39018,0,0,1,7,0,0,0,0,0,0,0,0,0,0,0,4,"0.0","0.0","0.0","0.0",0,0,0,0,0,1,0,0,3,3,0,0,0,0,0,0,0,0,0,"Dummett","Newcastle","Defender"
"292",292,1,"2017-08-13T12:30:00Z",17,TRUE,0,2,40,0,94940,0,0,0,0,0,0,0,0,0,0,0,0,0,0,0,0,"0.0","0.0","0.0","0.0",0,0,0,0,0,0,0,0,0,0,0,0,0,0,0,0,0,0,0,"Hanley","Newcastle","Defender"
"293",293,1,"2017-08-13T12:30:00Z",17,TRUE,0,2,40,0,89381,0,0,0,0,0,0,0,0,0,0,0,0,0,0,0,0,"0.0","0.0","0.0","0.0",0,0,0,0,0,0,0,0,0,0,0,0,0,0,0,0,0,0,0,"Gámez","Newcastle","Defender"
"294",294,1,"2017-08-13T12:30:00Z",17,TRUE,0,2,45,0,34083,0,0,1,33,0,0,0,0,0,0,0,0,0,0,0,4,"0.0","0.0","0.0","0.0",0,0,0,2,2,0,0,0,10,6,0,0,0,0,0,0,0,0,0,"Lejeune","Newcastle","Defender"
"295",295,1,"2017-08-13T12:30:00Z",17,TRUE,0,2,60,0,149149,0,0,1,90,0,0,0,2,0,0,0,1,0,0,0,12,"0.0","0.0","0.0","0.0",0,0,0,4,5,1,2,0,28,23,0,0,0,0,0,0,0,0,1,"Ritchie","Newcastle","Midfielder"
"296",296,1,"2017-08-13T12:30:00Z",17,TRUE,0,2,55,0,79334,0,0,-2,47,0,0,0,2,0,0,0,0,1,0,0,-3,"0.0","0.0","0.0","0.0",0,0,0,3,4,0,1,0,10,6,0,0,0,0,1,0,0,0,0,"Shelvey","Newcastle","Midfielder"
"297",297,1,"2017-08-13T12:30:00Z",17,TRUE,0,2,50,0,355,0,0,0,0,0,0,0,0,0,0,0,0,0,0,0,0,"0.0","0.0","0.0","0.0",0,0,0,0,0,0,0,0,0,0,0,0,0,0,0,0,0,0,0,"Gouffran","Newcastle","Midfielder"
"298",298,1,"2017-08-13T12:30:00Z",17,TRUE,0,2,50,0,13068,0,0,0,0,0,0,0,0,0,0,0,0,0,0,0,0,"0.0","0.0","0.0","0.0",0,0,0,0,0,0,0,0,0,0,0,0,0,0,0,0,0,0,0,"Diamé","Newcastle","Midfielder"
"299",299,1,"2017-08-13T12:30:00Z",17,TRUE,0,2,45,0,41590,0,0,0,0,0,0,0,0,0,0,0,0,0,0,0,0,"0.0","0.0","0.0","0.0",0,0,0,0,0,0,0,0,0,0,0,0,0,0,0,0,0,0,0,"Colback","Newcastle","Midfielder"
"300",300,1,"2017-08-13T12:30:00Z",17,TRUE,0,2,50,0,108635,0,0,2,90,0,0,0,2,0,0,0,0,0,0,0,-4,"0.0","0.0","0.0","0.0",0,0,0,1,3,0,0,0,13,9,0,1,0,0,8,1,1,0,2,"Atsu","Newcastle","Midfielder"
"301",301,1,"2017-08-13T12:30:00Z",17,TRUE,0,2,65,0,102404,0,0,2,75,0,0,0,2,0,0,0,0,0,0,0,3,"0.0","0.0","0.0","0.0",0,0,0,0,1,0,0,0,11,4,0,0,0,0,0,1,1,1,0,"Gayle","Newcastle","Forward"
"302",302,1,"2017-08-13T12:30:00Z",17,TRUE,0,2,55,0,56097,0,0,2,90,0,0,0,2,0,0,0,0,0,0,0,4,"0.0","0.0","0.0","0.0",0,0,0,0,5,0,0,0,17,8,0,0,0,0,3,0,0,1,1,"Pérez","Newcastle","Forward"
"303",303,1,"2017-08-13T12:30:00Z",17,TRUE,0,2,50,0,121294,0,0,0,0,0,0,0,0,0,0,0,0,0,0,0,0,"0.0","0.0","0.0","0.0",0,0,0,0,0,0,0,0,0,0,0,0,0,0,0,0,0,0,0,"Mitrovic","Newcastle","Forward"
"304",304,1,"2017-08-13T12:30:00Z",17,TRUE,0,2,45,0,14918,0,0,0,0,0,0,0,0,0,0,0,0,0,0,0,0,"0.0","0.0","0.0","0.0",0,0,0,0,0,0,0,0,0,0,0,0,0,0,0,0,0,0,0,"Murphy","Newcastle","Forward"
"305",305,1,"2017-08-12T14:00:00Z",16,TRUE,0,0,45,0,4487,0,0,0,0,0,0,0,0,0,0,0,0,0,0,0,0,"0.0","0.0","0.0","0.0",0,0,0,0,0,0,0,0,0,0,0,0,0,0,0,0,0,0,0,"McCarthy","Southampton","Goalkeeper"
"306",306,1,"2017-08-12T14:00:00Z",16,TRUE,0,0,50,0,279708,0,0,6,90,0,0,1,0,0,0,0,0,0,0,0,19,"1.0","0.0","0.0","0.1",0,0,0,0,4,0,0,0,14,7,0,0,0,0,0,0,0,0,0,"Forster","Southampton","Goalkeeper"
"307",307,1,"2017-08-12T14:00:00Z",16,TRUE,0,0,55,0,613635,0,0,8,85,0,0,1,0,0,0,0,0,0,0,2,32,"13.6","59.7","7.0","8.0",0,2,1,1,5,4,1,0,62,52,0,0,0,0,0,0,1,1,0,"Bertrand","Southampton","Defender"
"308",308,1,"2017-08-12T14:00:00Z",16,TRUE,0,0,50,0,67407,0,0,6,90,0,0,1,0,0,0,0,0,0,0,0,20,"9.8","0.6","32.0","4.2",0,0,0,6,8,0,1,0,52,40,0,1,0,0,0,0,3,1,0,"Yoshida","Southampton","Defender"
"309",309,1,"2017-08-12T14:00:00Z",16,TRUE,0,0,45,0,7415,0,0,0,0,0,0,0,0,0,0,0,0,0,0,0,0,"0.0","0.0","0.0","0.0",0,0,0,0,0,0,0,0,0,0,0,0,0,0,0,0,0,0,0,"Targett","Southampton","Defender"
"310",310,1,"2017-08-12T14:00:00Z",16,TRUE,0,0,50,0,523597,0,0,6,90,0,0,1,0,0,0,0,0,0,0,0,24,"14.2","5.3","19.0","3.9",0,0,0,3,5,0,1,0,49,41,0,0,0,0,1,0,1,1,1,"Cédric","Southampton","Defender"
"311",311,1,"2017-08-12T14:00:00Z",16,TRUE,0,0,55,0,93099,0,0,0,0,0,0,0,0,0,0,0,0,0,0,0,0,"0.0","0.0","0.0","0.0",0,0,0,0,0,0,0,0,0,0,0,0,0,0,0,0,0,0,0,"van Dijk","Southampton","Defender"
"312",312,1,"2017-08-12T14:00:00Z",16,TRUE,0,0,45,0,4233,0,0,0,0,0,0,0,0,0,0,0,0,0,0,0,0,"0.0","0.0","0.0","0.0",0,0,0,0,0,0,0,0,0,0,0,0,0,0,0,0,0,0,0,"Pied","Southampton","Defender"
"313",313,1,"2017-08-12T14:00:00Z",16,TRUE,0,0,50,0,40682,0,0,6,90,0,0,1,0,0,0,0,0,0,0,0,26,"15.6","11.1","20.0","4.7",0,0,0,5,9,1,0,0,37,31,0,0,0,0,2,0,0,0,0,"Stephens","Southampton","Defender"
"314",314,1,"2017-08-12T14:00:00Z",16,TRUE,0,0,45,0,4539,0,0,1,4,0,0,0,0,0,0,0,0,0,0,0,4,"2.6","10.5","0.0","1.3",0,0,0,0,0,1,0,0,6,4,0,0,0,0,0,0,0,0,0,"McQueen","Southampton","Defender"
"315",315,1,"2017-08-12T14:00:00Z",16,TRUE,0,0,45,0,10291,0,0,0,0,0,0,0,0,0,0,0,0,0,0,0,0,"0.0","0.0","0.0","0.0",0,0,0,0,0,0,0,0,0,0,0,0,0,0,0,0,0,0,0,"Bednarek","Southampton","Defender"
"316",316,1,"2017-08-12T14:00:00Z",16,TRUE,0,0,50,0,8445,0,0,3,90,0,0,1,0,0,0,0,0,0,0,0,22,"18.8","32.8","22.0","7.4",0,1,0,2,7,2,3,0,71,67,0,0,0,0,0,0,0,2,0,"Davis","Southampton","Midfielder"
"317",317,1,"2017-08-12T14:00:00Z",16,TRUE,0,0,55,0,114499,0,0,3,70,0,0,1,0,0,0,0,0,0,0,0,9,"11.4","44.0","47.0","10.2",0,1,0,2,4,3,0,0,27,23,0,0,0,0,2,0,1,0,0,"Ward-Prowse","Southampton","Midfielder"
"318",318,1,"2017-08-12T14:00:00Z",16,TRUE,0,0,65,0,138397,0,0,3,90,0,0,1,0,0,0,0,0,0,0,0,12,"21.8","43.2","35.0","10.0",0,4,0,2,7,2,0,0,40,28,0,1,0,0,2,0,2,1,3,"Tadic","Southampton","Midfielder"
"319",319,1,"2017-08-12T14:00:00Z",16,TRUE,0,0,45,0,17458,0,0,0,0,0,0,0,0,0,0,0,0,0,0,0,0,"0.0","0.0","0.0","0.0",0,0,0,0,0,0,0,0,0,0,0,0,0,0,0,0,0,0,0,"Clasie","Southampton","Midfielder"
"320",320,1,"2017-08-12T14:00:00Z",16,TRUE,0,0,45,0,214539,0,0,2,90,0,0,1,0,0,0,0,1,0,0,0,22,"25.2","56.2","8.0","8.9",0,0,1,4,4,5,3,0,80,70,0,0,0,0,1,0,0,1,0,"Oriol Romeu","Southampton","Midfielder"
"321",321,1,"2017-08-12T14:00:00Z",16,TRUE,0,0,45,0,13724,0,0,0,0,0,0,0,0,0,0,0,0,0,0,0,0,"0.0","0.0","0.0","0.0",0,0,0,0,0,0,0,0,0,0,0,0,0,0,0,0,0,0,0,"Højbjerg","Southampton","Midfielder"
"322",322,1,"2017-08-12T14:00:00Z",16,TRUE,0,0,60,0,9203,0,0,1,19,0,0,0,0,0,0,0,0,0,0,0,8,"5.0","6.3","10.0","2.1",0,0,0,0,3,0,1,0,19,15,0,0,0,0,0,0,0,0,2,"Boufal","Southampton","Midfielder"
"323",323,1,"2017-08-12T14:00:00Z",16,TRUE,0,0,45,0,2592,0,0,0,0,0,0,0,0,0,0,0,0,0,0,0,0,"0.0","0.0","0.0","0.0",0,0,0,0,0,0,0,0,0,0,0,0,0,0,0,0,0,0,0,"Sims","Southampton","Midfielder"
"324",324,1,"2017-08-12T14:00:00Z",16,TRUE,0,0,65,0,355220,0,0,2,90,0,0,1,0,0,0,0,1,0,0,0,8,"9.2","67.3","33.0","11.0",0,1,0,0,2,5,0,0,43,38,0,0,0,0,2,0,2,1,0,"Redmond","Southampton","Midfielder"
"325",325,1,"2017-08-12T14:00:00Z",16,TRUE,0,0,60,0,28672,0,0,0,0,0,0,0,0,0,0,0,0,0,0,0,0,"0.0","0.0","0.0","0.0",0,0,0,0,0,0,0,0,0,0,0,0,0,0,0,0,0,0,0,"Long","Southampton","Forward"
"326",326,1,"2017-08-12T14:00:00Z",16,TRUE,0,0,65,0,56567,0,0,1,21,0,0,0,0,0,0,0,0,0,0,0,2,"0.0","0.3","8.0","0.7",0,0,0,0,1,0,0,0,7,5,0,0,0,0,0,0,1,0,0,"Austin","Southampton","Forward"
"327",327,1,"2017-08-12T14:00:00Z",16,TRUE,0,0,70,0,264048,0,0,2,68,0,0,1,0,0,0,0,0,0,0,0,-1,"0.0","5.3","20.0","1.2",0,0,0,0,2,0,0,0,13,11,0,0,0,0,0,0,5,2,0,"Gabbiadini","Southampton","Forward"
"328",328,1,"2017-08-12T14:00:00Z",7,FALSE,1,0,50,0,84471,0,0,3,90,0,0,0,1,0,0,0,0,0,3,0,14,"21.4","0.0","0.0","2.1",0,0,0,0,7,0,0,0,24,14,0,0,0,0,0,0,0,0,0,"Butland","Stoke","Goalkeeper"
"329",329,1,"2017-08-12T14:00:00Z",7,FALSE,1,0,45,0,28603,0,0,0,0,0,0,0,0,0,0,0,0,0,0,0,0,"0.0","0.0","0.0","0.0",0,0,0,0,0,0,0,0,0,0,0,0,0,0,0,0,0,0,0,"Grant","Stoke","Goalkeeper"
"330",330,1,"2017-08-12T14:00:00Z",7,FALSE,1,0,50,0,69753,0,0,2,90,0,0,0,1,0,0,0,0,0,0,0,11,"20.0","0.3","0.0","2.0",0,0,0,8,0,0,1,0,11,9,0,0,0,0,0,1,0,0,0,"Shawcross","Stoke","Defender"
"331",331,1,"2017-08-12T14:00:00Z",7,FALSE,1,0,45,0,16566,0,0,2,90,0,0,0,1,0,0,0,0,0,0,0,13,"15.8","0.8","0.0","1.7",0,0,0,7,4,0,2,0,27,19,0,0,0,0,2,0,0,0,1,"Cameron","Stoke","Defender"
"332",332,1,"2017-08-12T14:00:00Z",7,FALSE,1,0,50,0,48548,0,0,2,90,0,0,0,1,0,0,0,0,0,0,0,14,"19.0","5.7","0.0","2.5",0,1,0,8,3,0,3,0,25,16,0,0,0,0,0,2,0,2,0,"Pieters","Stoke","Defender"
"333",333,1,"2017-08-12T14:00:00Z",7,FALSE,1,0,45,0,5580,0,0,0,0,0,0,0,0,0,0,0,0,0,0,0,0,"0.0","0.0","0.0","0.0",0,0,0,0,0,0,0,0,0,0,0,0,0,0,0,0,0,0,0,"Muniesa","Stoke","Defender"
"334",334,1,"2017-08-12T14:00:00Z",5,FALSE,2,3,45,0,7243,0,0,0,0,0,0,0,0,0,0,0,0,0,0,0,0,"0.0","0.0","0.0","0.0",0,0,0,0,0,0,0,0,0,0,0,0,0,0,0,0,0,0,0,"Bardsley","Burnley","Defender"
"335",335,1,"2017-08-12T14:00:00Z",7,FALSE,1,0,45,0,32499,0,0,0,0,0,0,0,0,0,0,0,0,0,0,0,0,"0.0","0.0","0.0","0.0",0,0,0,0,0,0,0,0,0,0,0,0,0,0,0,0,0,0,0,"Johnson","Stoke","Defender"
"336",336,1,"2017-08-12T14:00:00Z",7,FALSE,1,0,45,0,965,0,0,0,0,0,0,0,0,0,0,0,0,0,0,0,0,"0.0","0.0","0.0","0.0",0,0,0,0,0,0,0,0,0,0,0,0,0,0,0,0,0,0,0,"Tymon","Stoke","Defender"
"337",337,1,"2017-08-12T14:00:00Z",7,FALSE,1,0,55,0,198220,0,0,1,90,0,0,0,1,0,0,0,1,0,0,0,9,"8.8","12.8","11.0","3.3",0,0,0,4,7,1,1,0,36,29,0,0,0,0,3,0,1,3,2,"Allen","Stoke","Midfielder"
"338",338,1,"2017-08-12T14:00:00Z",7,FALSE,1,0,50,0,5541,0,0,0,0,0,0,0,0,0,0,0,0,0,0,0,0,"0.0","0.0","0.0","0.0",0,0,0,0,0,0,0,0,0,0,0,0,0,0,0,0,0,0,0,"Adam","Stoke","Midfielder"
"339",339,1,"2017-08-12T14:00:00Z",7,FALSE,1,0,45,0,1101,0,0,0,0,0,0,0,0,0,0,0,0,0,0,0,0,"0.0","0.0","0.0","0.0",0,0,0,0,0,0,0,0,0,0,0,0,0,0,0,0,0,0,0,"Whelan","Stoke","Midfielder"
"340",340,1,"2017-08-13T15:00:00Z",12,FALSE,4,0,70,0,78101,0,0,2,90,0,0,0,4,0,0,0,0,0,0,0,8,"0.0","0.0","0.0","0.0",0,0,1,1,10,2,1,0,24,19,0,0,0,0,3,2,2,1,0,"Arnautovic","West Ham","Midfielder"
"341",341,1,"2017-08-12T14:00:00Z",7,FALSE,1,0,50,0,688,0,0,0,0,0,0,0,0,0,0,0,0,0,0,0,0,"0.0","0.0","0.0","0.0",0,0,0,0,0,0,0,0,0,0,0,0,0,0,0,0,0,0,0,"Afellay","Stoke","Midfielder"
"342",342,1,"2017-08-12T14:00:00Z",7,FALSE,1,0,60,0,145781,0,0,2,90,0,0,0,1,0,0,0,0,0,0,0,5,"9.4","3.3","7.0","2.0",0,0,0,0,2,0,0,0,23,19,0,0,0,0,2,0,0,1,2,"Shaqiri","Stoke","Midfielder"
"343",343,1,"2017-08-12T14:00:00Z",7,FALSE,1,0,45,0,9218,0,0,0,0,0,0,0,0,0,0,0,0,0,0,0,0,"0.0","0.0","0.0","0.0",0,0,0,0,0,0,0,0,0,0,0,0,0,0,0,0,0,0,0,"Imbula","Stoke","Midfielder"
"344",344,1,"2017-08-12T14:00:00Z",7,FALSE,1,0,55,0,4169,0,0,2,71,0,0,0,1,0,0,0,0,0,0,0,5,"0.0","13.3","6.0","1.9",0,0,0,0,5,1,0,0,23,20,0,0,0,0,2,0,1,1,1,"Bojan","Stoke","Midfielder"
"345",345,1,"2017-08-12T14:00:00Z",7,FALSE,1,0,50,0,27830,0,0,0,0,0,0,0,0,0,0,0,0,0,0,0,0,"0.0","0.0","0.0","0.0",0,0,0,0,0,0,0,0,0,0,0,0,0,0,0,0,0,0,0,"Sobhi","Stoke","Midfielder"
"346",346,1,"2017-08-12T14:00:00Z",7,FALSE,1,0,50,0,44764,0,0,2,90,0,0,0,1,0,0,0,0,0,0,0,11,"11.0","3.1","1.0","1.5",0,0,0,6,4,0,2,0,45,30,0,0,0,0,2,0,1,2,2,"Fletcher","Stoke","Midfielder"
"347",347,1,"2017-08-12T14:00:00Z",7,FALSE,1,0,50,0,104948,0,0,1,18,0,0,0,0,0,0,0,0,0,0,0,1,"3.4","10.8","24.0","3.8",0,0,0,1,0,1,0,0,9,6,0,0,0,0,0,3,0,0,0,"Crouch","Stoke","Forward"
"348",348,1,"2017-08-12T14:00:00Z",7,FALSE,1,0,55,0,15288,0,0,2,90,0,0,0,1,0,0,0,0,0,0,0,8,"8.0","12.2","9.0","2.9",0,0,0,5,2,1,0,0,18,13,0,0,0,0,0,0,2,0,1,"Diouf","Stoke","Forward"
"349",349,1,"2017-08-12T14:00:00Z",7,FALSE,1,0,60,0,25150,0,0,2,71,0,0,0,1,0,0,0,0,0,0,0,6,"0.4","14.5","8.0","2.3",0,0,0,1,3,1,0,0,12,9,0,0,0,0,1,0,1,0,0,"Berahino","Stoke","Forward"
"350",350,1,"2017-08-12T14:00:00Z",14,FALSE,0,0,45,0,174030,0,0,6,90,0,0,1,0,0,0,0,0,0,2,0,23,"15.6","0.0","0.0","1.6",0,0,0,0,5,0,0,0,41,26,0,0,0,0,0,0,0,0,0,"Fabianski","Swansea","Goalkeeper"
"351",351,1,"2017-08-12T14:00:00Z",14,FALSE,0,0,40,0,57975,0,0,0,0,0,0,0,0,0,0,0,0,0,0,0,0,"0.0","0.0","0.0","0.0",0,0,0,0,0,0,0,0,0,0,0,0,0,0,0,0,0,0,0,"Nordfeldt","Swansea","Goalkeeper"
"352",352,1,"2017-08-12T14:00:00Z",14,FALSE,0,0,45,0,77639,0,0,7,90,0,0,1,0,0,0,0,0,0,0,1,28,"27.2","1.3","0.0","2.9",0,0,0,12,2,0,1,0,39,29,0,0,0,0,0,0,0,0,0,"Naughton","Swansea","Defender"
"353",353,1,"2017-08-12T14:00:00Z",14,FALSE,0,0,40,0,847779,0,0,0,0,0,0,0,0,0,0,0,0,0,0,0,0,"0.0","0.0","0.0","0.0",0,0,0,0,0,0,0,0,0,0,0,0,0,0,0,0,0,0,0,"Rangel","Swansea","Defender"
"354",354,1,"2017-08-12T14:00:00Z",14,FALSE,0,0,45,0,16653,0,0,9,90,0,0,1,0,0,0,0,0,0,0,3,33,"48.6","0.3","0.0","4.9",0,0,0,18,3,0,1,0,50,41,0,0,0,0,0,0,0,1,0,"Fernández","Swansea","Defender"
"355",355,1,"2017-08-12T14:00:00Z",14,FALSE,0,0,45,0,6389,0,0,0,0,0,0,0,0,0,0,0,0,0,0,0,0,"0.0","0.0","0.0","0.0",0,0,0,0,0,0,0,0,0,0,0,0,0,0,0,0,0,0,0,"Kingsley","Swansea","Defender"
"356",356,1,"2017-08-12T14:00:00Z",14,FALSE,0,0,45,0,4657,0,0,0,0,0,0,0,0,0,0,0,0,0,0,0,0,"0.0","0.0","0.0","0.0",0,0,0,0,0,0,0,0,0,0,0,0,0,0,0,0,0,0,0,"van der Hoorn","Swansea","Defender"
"357",357,1,"2017-08-12T14:00:00Z",14,FALSE,0,0,50,0,54205,0,0,6,90,0,0,1,0,0,0,0,0,0,0,0,26,"21.4","0.2","0.0","2.2",0,0,0,9,2,0,0,0,41,36,0,0,0,0,0,0,0,0,0,"Mawson","Swansea","Defender"
"358",358,1,"2017-08-12T14:00:00Z",14,FALSE,0,0,50,0,11361,0,0,6,90,0,0,1,0,0,0,0,0,0,0,0,20,"5.0","1.8","0.0","0.7",0,0,0,4,0,0,0,0,33,21,0,0,0,0,0,0,0,0,0,"Olsson","Swansea","Defender"
"359",359,1,"2017-08-12T14:00:00Z",14,FALSE,0,0,85,0,297704,0,0,0,0,0,0,0,0,0,0,0,0,0,0,0,0,"0.0","0.0","0.0","0.0",0,0,0,0,0,0,0,0,0,0,0,0,0,0,0,0,0,0,0,"Sigurdsson","Swansea","Midfielder"
"360",360,1,"2017-08-12T14:00:00Z",14,FALSE,0,0,55,0,4758,0,0,3,85,0,0,1,0,0,0,0,0,0,0,0,4,"5.0","15.4","2.0","2.2",0,1,0,3,2,1,0,0,18,12,0,0,0,0,2,0,0,3,0,"Routledge","Swansea","Midfielder"
"361",361,1,"2017-08-12T14:00:00Z",14,FALSE,0,0,45,0,6140,0,0,3,73,0,0,1,0,0,0,0,0,0,0,0,6,"4.4","0.6","0.0","0.5",0,0,0,1,4,0,0,0,26,23,0,0,0,0,0,0,0,1,0,"Britton","Swansea","Midfielder"
"362",362,1,"2017-08-12T14:00:00Z",14,FALSE,0,0,45,0,1986,0,0,0,16,0,0,0,0,0,0,0,1,0,0,0,-2,"0.0","0.1","0.0","0.0",0,0,0,0,1,0,0,0,4,3,0,0,0,0,0,0,0,2,0,"Fulton","Swansea","Midfielder"
"363",363,1,"2017-08-12T14:00:00Z",14,FALSE,0,0,50,0,415,0,0,0,0,0,0,0,0,0,0,0,0,0,0,0,0,"0.0","0.0","0.0","0.0",0,0,0,0,0,0,0,0,0,0,0,0,0,0,0,0,0,0,0,"Ki Sung-yueng","Swansea","Midfielder"
"364",364,1,"2017-08-12T14:00:00Z",14,FALSE,0,0,50,0,3170,0,0,0,0,0,0,0,0,0,0,0,0,0,0,0,0,"0.0","0.0","0.0","0.0",0,0,0,0,0,0,0,0,0,0,0,0,0,0,0,0,0,0,0,"Montero","Swansea","Midfielder"
"365",365,1,"2017-08-12T14:00:00Z",14,FALSE,0,0,55,0,25405,0,0,3,90,0,0,1,0,0,0,0,0,0,0,0,10,"16.0","12.4","4.0","3.2",0,0,0,3,4,1,0,0,41,36,0,0,0,0,3,0,1,1,2,"Fer","Swansea","Midfielder"
"366",366,1,"2017-08-12T14:00:00Z",14,FALSE,0,0,45,0,2252,0,0,0,0,0,0,0,0,0,0,0,0,0,0,0,0,"0.0","0.0","0.0","0.0",0,0,0,0,0,0,0,0,0,0,0,0,0,0,0,0,0,0,0,"Dyer","Swansea","Midfielder"
"367",367,1,"2017-08-12T14:00:00Z",14,FALSE,0,0,45,0,267869,0,0,3,90,0,0,1,0,0,0,0,0,0,0,0,14,"15.8","16.0","0.0","3.2",0,1,0,2,7,1,0,0,37,31,0,0,0,0,1,0,0,0,0,"Carroll","Swansea","Midfielder"
"368",368,1,"2017-08-12T14:00:00Z",14,FALSE,0,0,50,0,368,0,0,0,0,0,0,0,0,0,0,0,0,0,0,0,0,"0.0","0.0","0.0","0.0",0,0,0,0,0,0,0,0,0,0,0,0,0,0,0,0,0,0,0,"Barrow","Swansea","Midfielder"
"369",369,1,"2017-08-12T14:00:00Z",14,FALSE,0,0,50,0,2964,0,0,0,0,0,0,0,0,0,0,0,0,0,0,0,0,"0.0","0.0","0.0","0.0",0,0,0,0,0,0,0,0,0,0,0,0,0,0,0,0,0,0,0,"Narsingh","Swansea","Midfielder"
"370",370,1,"2017-08-12T14:00:00Z",14,FALSE,0,0,45,0,26307,0,0,0,0,0,0,0,0,0,0,0,0,0,0,0,0,"0.0","0.0","0.0","0.0",0,0,0,0,0,0,0,0,0,0,0,0,0,0,0,0,0,0,0,"Mesa","Swansea","Midfielder"
"371",371,1,"2017-08-12T14:00:00Z",14,FALSE,0,0,75,0,8380,0,0,0,0,0,0,0,0,0,0,0,0,0,0,0,0,"0.0","0.0","0.0","0.0",0,0,0,0,0,0,0,0,0,0,0,0,0,0,0,0,0,0,0,"Llorente","Swansea","Forward"
"372",372,1,"2017-08-12T14:00:00Z",14,FALSE,0,0,45,0,99554,0,0,1,4,0,0,0,0,0,0,0,0,0,0,0,3,"0.4","0.1","2.0","0.3",0,0,0,0,1,0,0,0,5,2,0,0,0,0,0,0,0,0,0,"McBurnie","Swansea","Forward"
"373",373,1,"2017-08-12T14:00:00Z",14,FALSE,0,0,50,0,78264,0,0,2,90,0,0,1,0,0,0,0,0,0,0,0,0,"0.4","2.5","2.0","0.5",0,0,0,2,3,0,1,0,20,14,0,0,0,0,5,0,0,5,0,"Ayew","Swansea","Forward"
"374",374,1,"2017-08-12T14:00:00Z",14,FALSE,0,0,55,0,115311,0,0,2,80,0,0,1,0,0,0,0,0,0,0,0,6,"2.2","0.8","32.0","3.5",0,0,0,1,2,0,1,0,7,6,0,0,0,0,1,1,1,0,1,"Abraham","Swansea","Forward"
"375",375,1,"2017-08-13T12:30:00Z",13,FALSE,0,2,55,0,522036,0,0,7,90,0,0,1,0,0,0,0,0,0,3,0,28,"0.0","0.0","0.0","0.0",0,0,0,2,11,0,0,0,24,20,0,0,0,0,0,0,0,0,0,"Lloris","Spurs","Goalkeeper"
"376",376,1,"2017-08-13T12:30:00Z",13,FALSE,0,2,50,0,5079,0,0,0,0,0,0,0,0,0,0,0,0,0,0,0,0,"0.0","0.0","0.0","0.0",0,0,0,0,0,0,0,0,0,0,0,0,0,0,0,0,0,0,0,"Vorm","Spurs","Goalkeeper"
"377",377,1,"2017-08-13T12:30:00Z",13,FALSE,0,2,60,0,595743,0,0,6,90,0,0,1,0,0,0,0,0,0,0,0,30,"0.0","0.0","0.0","0.0",0,0,0,5,3,1,1,0,102,93,0,0,0,0,0,0,0,0,0,"Alderweireld","Spurs","Defender"
"378",378,1,"2017-08-13T12:30:00Z",13,FALSE,0,2,65,0,19698,0,0,0,0,0,0,0,0,0,0,0,0,0,0,0,0,"0.0","0.0","0.0","0.0",0,0,0,0,0,0,0,0,0,0,0,0,0,0,0,0,0,0,0,"Rose","Spurs","Defender"
"379",379,1,"2017-08-12T16:30:00Z",3,FALSE,0,2,65,0,847978,0,0,6,90,0,0,1,0,0,0,0,0,0,0,0,23,"12.4","27.3","4.0","4.4",0,2,0,0,5,1,0,0,66,59,0,0,0,0,3,0,0,0,0,"Walker","Man City","Defender"
"380",380,1,"2017-08-13T12:30:00Z",13,FALSE,0,2,60,0,399943,0,0,6,90,0,0,1,0,0,0,0,0,0,0,0,28,"0.0","0.0","0.0","0.0",0,0,0,5,3,1,1,0,87,77,0,0,0,0,0,0,0,0,0,"Vertonghen","Spurs","Defender"
"381",381,1,"2017-08-13T12:30:00Z",13,FALSE,0,2,55,0,134281,0,0,11,90,1,0,1,0,0,0,0,1,0,0,0,36,"0.0","0.0","0.0","0.0",0,0,0,4,5,2,1,0,75,68,0,0,0,0,2,0,0,2,0,"Davies","Spurs","Defender"
"382",382,1,"2017-08-13T12:30:00Z",13,FALSE,0,2,55,0,161833,0,0,0,0,0,0,0,0,0,0,0,0,0,0,0,0,"0.0","0.0","0.0","0.0",0,0,0,0,0,0,0,0,0,0,0,0,0,0,0,0,0,0,0,"Trippier","Spurs","Defender"
"383",383,1,"2017-08-13T12:30:00Z",13,FALSE,0,2,45,0,13586,0,0,0,0,0,0,0,0,0,0,0,0,0,0,0,0,"0.0","0.0","0.0","0.0",0,0,0,0,0,0,0,0,0,0,0,0,0,0,0,0,0,0,0,"Wimmer","Spurs","Defender"
"384",384,1,"2017-08-13T12:30:00Z",13,FALSE,0,2,50,0,177730,0,0,3,90,0,0,1,0,0,0,0,0,0,0,0,13,"0.0","0.0","0.0","0.0",0,0,0,3,5,0,0,0,89,80,0,0,0,0,0,0,0,0,1,"Dier","Spurs","Midfielder"
"385",385,1,"2017-08-13T12:30:00Z",13,FALSE,0,2,50,0,98847,0,0,3,89,0,0,1,0,0,0,0,0,0,0,0,22,"0.0","0.0","0.0","0.0",0,0,0,0,9,1,2,0,86,83,0,0,0,0,1,0,0,1,4,"Dembélé","Spurs","Midfielder"
"386",386,1,"2017-08-13T12:30:00Z",13,FALSE,0,2,65,0,2875,0,0,0,0,0,0,0,0,0,0,0,0,0,0,0,0,"0.0","0.0","0.0","0.0",0,0,0,0,0,0,0,0,0,0,0,0,0,0,0,0,0,0,0,"Lamela","Spurs","Midfielder"
"387",387,1,"2017-08-13T12:30:00Z",13,FALSE,0,2,95,0,570759,0,0,9,90,0,2,1,0,0,0,0,0,0,0,0,36,"0.0","0.0","0.0","0.0",0,1,1,1,1,3,0,0,67,61,0,0,0,0,0,0,2,0,1,"Eriksen","Spurs","Midfielder"
"388",388,1,"2017-08-13T12:30:00Z",13,FALSE,0,2,95,0,1512564,0,0,8,81,1,0,1,0,0,0,0,0,0,0,0,25,"0.0","0.0","0.0","0.0",0,0,0,1,5,0,2,1,31,24,0,0,0,0,5,0,0,4,0,"Alli","Spurs","Midfielder"
"389",389,1,"2017-08-13T12:30:00Z",13,FALSE,0,2,50,0,44364,0,0,1,8,0,0,0,0,0,0,0,0,0,0,0,3,"0.0","0.0","0.0","0.0",0,0,0,1,0,0,0,0,9,7,0,0,0,0,0,0,0,0,0,"Wanyama","Spurs","Midfielder"
"390",390,1,"2017-08-13T12:30:00Z",13,FALSE,0,2,80,0,37255,0,0,1,32,0,0,0,0,0,0,0,0,0,0,0,7,"0.0","0.0","0.0","0.0",0,0,1,0,3,1,0,0,25,23,0,0,0,0,0,1,0,0,0,"Son","Spurs","Midfielder"
"391",391,1,"2017-08-13T12:30:00Z",13,FALSE,0,2,50,0,5044,0,0,1,1,0,0,0,0,0,0,0,0,0,0,0,5,"0.0","0.0","0.0","0.0",0,0,0,0,0,0,1,0,6,6,0,0,0,0,0,0,0,0,0,"Winks","Spurs","Midfielder"
"392",392,1,"2017-08-13T12:30:00Z",13,FALSE,0,2,55,0,834,0,0,0,0,0,0,0,0,0,0,0,0,0,0,0,0,"0.0","0.0","0.0","0.0",0,0,0,0,0,0,0,0,0,0,0,0,0,0,0,0,0,0,0,"Nkoudou","Spurs","Midfielder"
"393",393,1,"2017-08-13T12:30:00Z",13,FALSE,0,2,55,0,13211,0,0,1,57,0,0,0,0,0,0,0,0,0,0,0,4,"0.0","0.0","0.0","0.0",0,0,0,1,2,2,2,0,28,22,0,0,0,0,3,0,1,2,1,"Sissoko","Spurs","Midfielder"
"394",394,1,"2017-08-13T12:30:00Z",13,FALSE,0,2,125,0,1473220,0,0,1,90,0,0,1,0,0,0,0,1,0,0,0,-6,"0.0","0.0","0.0","0.0",0,0,0,1,2,2,0,0,16,15,0,2,0,0,3,0,2,1,1,"Kane","Spurs","Forward"
"395",395,1,"2017-08-13T12:30:00Z",13,FALSE,0,2,75,0,11771,0,0,0,0,0,0,0,0,0,0,0,0,0,0,0,0,"0.0","0.0","0.0","0.0",0,0,0,0,0,0,0,0,0,0,0,0,0,0,0,0,0,0,0,"Janssen","Spurs","Forward"
"396",396,1,"2017-08-12T11:30:00Z",10,TRUE,3,3,45,0,7221,0,0,0,0,0,0,0,0,0,0,0,0,0,0,0,0,"0.0","0.0","0.0","0.0",0,0,0,0,0,0,0,0,0,0,0,0,0,0,0,0,0,0,0,"Pantilimon","Watford","Goalkeeper"
"397",397,1,"2017-08-12T11:30:00Z",10,TRUE,3,3,45,0,72559,0,0,1,90,0,0,0,3,0,0,0,0,0,2,0,10,"9.8","0.0","0.0","1.0",0,0,0,1,14,0,0,0,37,19,1,0,0,0,0,0,0,1,0,"Gomes","Watford","Goalkeeper"
"398",398,1,"2017-08-12T11:30:00Z",10,TRUE,3,3,45,0,21752,0,0,1,90,0,0,0,3,0,0,0,0,0,0,0,14,"32.6","0.5","2.0","3.5",0,0,0,12,6,0,1,0,51,31,0,0,0,0,1,0,0,1,0,"Kaboul","Watford","Defender"
"399",399,1,"2017-08-12T11:30:00Z",10,TRUE,3,3,45,0,1170,0,0,0,0,0,0,0,0,0,0,0,0,0,0,0,0,"0.0","0.0","0.0","0.0",0,0,0,0,0,0,0,0,0,0,0,0,0,0,0,0,0,0,0,"Cathcart","Watford","Defender"
"400",400,1,"2017-08-12T11:30:00Z",10,TRUE,3,3,45,0,23351,0,0,0,0,0,0,0,0,0,0,0,0,0,0,0,0,"0.0","0.0","0.0","0.0",0,0,0,0,0,0,0,0,0,0,0,0,0,0,0,0,0,0,0,"Prödl","Watford","Defender"
"401",401,1,"2017-08-12T11:30:00Z",10,TRUE,3,3,50,0,19384,0,0,4,90,0,1,0,3,0,0,0,0,0,0,0,22,"36.6","14.6","5.0","5.6",0,0,1,11,4,1,0,0,25,17,0,0,0,1,3,0,1,0,2,"Holebas","Watford","Defender"
"402",402,1,"2017-08-12T11:30:00Z",10,TRUE,3,3,45,0,19335,0,0,7,90,1,0,0,3,0,0,0,0,0,0,0,24,"49.2","0.3","40.0","9.0",0,0,0,5,1,0,1,0,40,29,0,0,0,0,0,0,0,0,0,"Britos","Watford","Defender"
"403",403,1,"2017-08-12T11:30:00Z",10,TRUE,3,3,45,0,1698,0,0,0,0,0,0,0,0,0,0,0,0,0,0,0,0,"0.0","0.0","0.0","0.0",0,0,0,0,0,0,0,0,0,0,0,0,0,0,0,0,0,0,0,"Kabasele","Watford","Defender"
"404",404,1,"2017-08-12T11:30:00Z",10,TRUE,3,3,50,0,13324,0,0,1,17,0,0,0,0,0,0,0,0,0,0,0,4,"1.4","0.3","0.0","0.2",0,0,0,1,2,0,1,0,8,6,0,0,0,0,0,0,0,1,0,"Janmaat","Watford","Defender"
"405",405,1,"2017-08-12T11:30:00Z",10,TRUE,3,3,40,0,171365,0,0,0,0,0,0,0,0,0,0,0,0,0,0,0,0,"0.0","0.0","0.0","0.0",0,0,0,0,0,0,0,0,0,0,0,0,0,0,0,0,0,0,0,"Mariappa","Watford","Defender"
"406",406,1,"2017-08-12T11:30:00Z",10,TRUE,3,3,40,0,64421,0,0,0,0,0,0,0,0,0,0,0,0,0,0,0,0,"0.0","0.0","0.0","0.0",0,0,0,0,0,0,0,0,0,0,0,0,0,0,0,0,0,0,0,"Mason","Watford","Defender"
"407",407,1,"2017-08-12T11:30:00Z",10,TRUE,3,3,45,0,5241,0,0,1,72,0,0,0,3,0,0,0,0,0,0,0,11,"0.0","0.0","0.0","0.0",0,0,0,3,1,0,1,0,31,24,0,0,0,0,1,0,0,0,1,"Kiko Femenía","Watford","Defender"
"408",408,1,"2017-08-12T11:30:00Z",10,TRUE,3,3,50,0,8190,0,0,2,90,0,0,0,3,0,0,0,0,0,0,0,8,"3.2","4.2","2.0","0.9",0,0,0,1,4,0,0,0,42,30,0,0,0,0,1,0,0,0,0,"Cleverley","Watford","Midfielder"
"409",409,1,"2017-08-12T11:30:00Z",10,TRUE,3,3,55,0,309813,0,0,0,0,0,0,0,0,0,0,0,0,0,0,0,0,"0.0","0.0","0.0","0.0",0,0,0,0,0,0,0,0,0,0,0,0,0,0,0,0,0,0,0,"Capoue","Watford","Midfielder"
"410",410,1,"2017-08-12T11:30:00Z",10,TRUE,3,3,45,0,10651,0,0,0,0,0,0,0,0,0,0,0,0,0,0,0,0,"0.0","0.0","0.0","0.0",0,0,0,0,0,0,0,0,0,0,0,0,0,0,0,0,0,0,0,"Behrami","Watford","Midfielder"
"411",411,1,"2017-08-12T11:30:00Z",10,TRUE,3,3,50,0,344,0,0,0,0,0,0,0,0,0,0,0,0,0,0,0,0,"0.0","0.0","0.0","0.0",0,0,0,0,0,0,0,0,0,0,0,0,0,0,0,0,0,0,0,"Berghuis","Watford","Midfielder"
"412",412,1,"2017-08-12T11:30:00Z",10,TRUE,3,3,50,0,3796,0,0,2,90,0,0,0,3,0,0,0,0,0,0,0,-2,"6.8","19.0","0.0","2.6",0,1,0,1,3,1,0,0,31,15,0,0,0,0,5,1,0,6,1,"Amrabat","Watford","Midfielder"
"413",413,1,"2017-08-12T11:30:00Z",10,TRUE,3,3,55,0,2973,0,0,0,0,0,0,0,0,0,0,0,0,0,0,0,0,"0.0","0.0","0.0","0.0",0,0,0,0,0,0,0,0,0,0,0,0,0,0,0,0,0,0,0,"Success","Watford","Midfielder"
"414",414,1,"2017-08-12T11:30:00Z",10,TRUE,3,3,50,0,1207,0,0,9,90,1,0,0,3,0,0,0,0,0,0,2,36,"48.6","25.2","35.0","10.9",0,0,0,3,11,2,1,0,73,60,0,0,0,0,1,0,0,2,3,"Doucouré","Watford","Midfielder"
"415",415,1,"2017-08-12T11:30:00Z",10,TRUE,3,3,60,0,10004,0,0,1,48,0,0,0,1,0,0,0,0,0,0,0,4,"0.4","0.0","18.0","1.8",0,0,0,0,2,0,0,0,3,3,0,0,0,0,0,0,0,0,1,"Pereyra","Watford","Midfielder"
"416",416,1,"2017-08-12T11:30:00Z",10,TRUE,3,3,50,0,13786,0,0,0,0,0,0,0,0,0,0,0,0,0,0,0,0,"0.0","0.0","0.0","0.0",0,0,0,0,0,0,0,0,0,0,0,0,0,0,0,0,0,0,0,"Hughes","Watford","Midfielder"
"417",417,1,"2017-08-12T11:30:00Z",10,TRUE,3,3,65,0,38457,0,0,0,0,0,0,0,0,0,0,0,0,0,0,0,0,"0.0","0.0","0.0","0.0",0,0,0,0,0,0,0,0,0,0,0,0,0,0,0,0,0,0,0,"Deeney","Watford","Forward"
"418",418,1,"2017-08-12T11:30:00Z",10,TRUE,3,3,55,0,6536,0,0,7,62,1,0,0,3,0,0,0,0,0,0,1,26,"35.2","16.8","33.0","8.5",0,0,0,0,1,1,0,0,16,13,0,0,0,0,4,1,0,3,3,"Okaka","Watford","Forward"
"419",419,1,"2017-08-12T11:30:00Z",10,TRUE,3,3,55,0,674,0,0,0,0,0,0,0,0,0,0,0,0,0,0,0,0,"0.0","0.0","0.0","0.0",0,0,0,0,0,0,0,0,0,0,0,0,0,0,0,0,0,0,0,"Zárate","Watford","Forward"
"420",420,1,"2017-08-12T14:00:00Z",2,TRUE,1,0,40,0,186295,0,0,0,0,0,0,0,0,0,0,0,0,0,0,0,0,"0.0","0.0","0.0","0.0",0,0,0,0,0,0,0,0,0,0,0,0,0,0,0,0,0,0,0,"Myhill","West Brom","Goalkeeper"
"421",421,1,"2017-08-12T14:00:00Z",2,TRUE,1,0,45,0,604214,0,0,7,90,0,0,1,0,0,0,0,0,0,2,1,25,"14.6","0.0","0.0","1.5",0,0,0,0,10,0,0,0,20,6,0,0,0,0,0,0,0,0,0,"Foster","West Brom","Goalkeeper"
"422",422,1,"2017-08-12T14:00:00Z",2,TRUE,1,0,50,0,13029,0,0,6,90,0,0,1,0,0,0,0,0,0,0,0,24,"15.6","1.1","0.0","1.7",0,0,0,3,7,0,2,0,26,19,0,0,0,0,1,0,0,0,0,"Nyom","West Brom","Defender"
"423",423,1,"2017-08-12T14:00:00Z",2,TRUE,1,0,50,0,33974,0,0,0,0,0,0,0,0,0,0,0,0,0,0,0,0,"0.0","0.0","0.0","0.0",0,0,0,0,0,0,0,0,0,0,0,0,0,0,0,0,0,0,0,"Evans","West Brom","Defender"
"424",424,1,"2017-08-12T14:00:00Z",2,TRUE,1,0,50,0,247072,0,0,6,90,0,0,1,0,0,0,0,0,0,0,0,23,"21.0","0.0","0.0","2.1",0,0,0,11,4,0,0,0,20,14,0,0,0,0,0,0,0,1,0,"Dawson","West Brom","Defender"
"425",425,1,"2017-08-12T14:00:00Z",2,TRUE,1,0,50,0,99420,0,0,0,0,0,0,0,0,0,0,0,0,0,0,0,0,"0.0","0.0","0.0","0.0",0,0,0,0,0,0,0,0,0,0,0,0,0,0,0,0,0,0,0,"McAuley","West Brom","Defender"
"426",426,1,"2017-08-12T14:00:00Z",2,TRUE,1,0,50,0,9248,0,0,3,90,0,0,1,0,0,0,0,0,0,0,0,13,"15.4","38.3","6.0","6.0",0,0,0,1,9,3,1,0,33,22,0,0,0,0,1,0,0,0,0,"Livermore","West Brom","Midfielder"
"427",427,1,"2017-08-12T14:00:00Z",2,TRUE,1,0,60,0,34759,0,0,0,0,0,0,0,0,0,0,0,0,0,0,0,0,"0.0","0.0","0.0","0.0",0,0,0,0,0,0,0,0,0,0,0,0,0,0,0,0,0,0,0,"Chadli","West Brom","Midfielder"
"428",428,1,"2017-08-12T14:00:00Z",2,TRUE,1,0,55,0,531,0,0,0,0,0,0,0,0,0,0,0,0,0,0,0,0,"0.0","0.0","0.0","0.0",0,0,0,0,0,0,0,0,0,0,0,0,0,0,0,0,0,0,0,"Morrison","West Brom","Midfielder"
"429",429,1,"2017-08-12T14:00:00Z",2,TRUE,1,0,45,0,17803,0,0,2,90,0,0,1,0,0,0,0,1,0,0,0,4,"8.8","0.9","14.0","2.4",0,0,0,8,5,0,0,0,17,16,0,0,0,0,0,0,2,2,0,"Yacob","West Brom","Midfielder"
"430",430,1,"2017-08-12T14:00:00Z",2,TRUE,1,0,50,0,5761,0,0,3,90,0,0,1,0,0,0,0,0,0,0,0,13,"21.4","25.9","5.0","5.2",0,1,0,2,4,2,5,0,13,11,0,0,0,0,3,1,2,2,0,"McClean","West Brom","Midfielder"
"431",431,1,"2017-08-12T14:00:00Z",2,TRUE,1,0,45,0,4590,0,0,0,0,0,0,0,0,0,0,0,0,0,0,0,0,"0.0","0.0","0.0","0.0",0,0,0,0,0,0,0,0,0,0,0,0,0,0,0,0,0,0,0,"Leko","West Brom","Midfielder"
"432",432,1,"2017-08-12T14:00:00Z",2,TRUE,1,0,60,0,114646,0,0,3,71,0,0,1,0,0,0,0,0,0,0,0,7,"6.8","31.0","16.0","5.4",0,0,0,3,3,2,0,0,18,13,0,0,0,0,3,0,1,0,1,"Phillips","West Brom","Midfielder"
"433",433,1,"2017-08-12T14:00:00Z",2,TRUE,1,0,45,0,2503,0,0,3,69,0,0,1,0,0,0,0,0,0,0,0,6,"3.2","1.3","0.0","0.5",0,0,0,2,2,0,0,0,12,10,0,0,0,0,0,0,0,1,0,"Field","West Brom","Midfielder"
"434",434,1,"2017-08-12T14:00:00Z",2,TRUE,1,0,55,0,5228,0,0,8,90,0,1,1,0,0,0,0,0,0,0,2,29,"29.8","42.3","0.0","7.2",0,1,1,2,6,3,3,0,27,8,0,0,0,0,1,0,0,1,0,"Brunt","West Brom","Midfielder"
"435",435,1,"2017-08-12T14:00:00Z",2,TRUE,1,0,65,0,87183,0,0,1,2,0,0,0,0,0,0,0,0,0,0,0,2,"2.0","0.3","7.0","0.9",0,0,0,0,0,0,0,0,1,1,0,0,0,0,0,0,0,1,0,"Rondón","West Brom","Forward"
"436",436,1,"2017-08-12T14:00:00Z",2,TRUE,1,0,50,0,36081,0,0,0,18,0,0,0,0,0,0,0,1,0,0,0,-5,"0.0","0.5","4.0","0.0",0,0,0,0,1,0,0,0,4,2,0,0,0,0,2,0,1,2,0,"Robson-Kanu","West Brom","Forward"
"437",437,1,"2017-08-12T14:00:00Z",2,TRUE,1,0,60,0,120452,0,0,1,87,0,0,1,0,0,0,0,1,0,0,0,-6,"3.2","22.5","72.0","9.8",0,0,0,0,2,2,0,0,20,12,0,0,0,0,4,1,2,4,0,"Rodriguez","West Brom","Forward"
"438",438,1,"2017-08-13T15:00:00Z",12,FALSE,4,0,45,0,24951,0,0,0,0,0,0,0,0,0,0,0,0,0,0,0,0,"0.0","0.0","0.0","0.0",0,0,0,0,0,0,0,0,0,0,0,0,0,0,0,0,0,0,0,"Adrián","West Ham","Goalkeeper"
"439",439,1,"2017-08-13T15:00:00Z",12,FALSE,4,0,45,0,1563,0,0,0,0,0,0,0,0,0,0,0,0,0,0,0,0,"0.0","0.0","0.0","0.0",0,0,0,0,0,0,0,0,0,0,0,0,0,0,0,0,0,0,0,"Randolph","West Ham","Goalkeeper"
"440",440,1,"2017-08-13T15:00:00Z",12,FALSE,4,0,50,0,94959,0,0,0,0,0,0,0,0,0,0,0,0,0,0,0,0,"0.0","0.0","0.0","0.0",0,0,0,0,0,0,0,0,0,0,0,0,0,0,0,0,0,0,0,"Fonte","West Ham","Defender"
"441",441,1,"2017-08-13T15:00:00Z",12,FALSE,4,0,45,0,12540,0,0,0,0,0,0,0,0,0,0,0,0,0,0,0,0,"0.0","0.0","0.0","0.0",0,0,0,0,0,0,0,0,0,0,0,0,0,0,0,0,0,0,0,"Collins","West Ham","Defender"
"442",442,1,"2017-08-13T15:00:00Z",12,FALSE,4,0,50,0,75418,0,0,0,90,0,0,0,4,0,0,0,0,0,0,0,19,"0.0","0.0","0.0","0.0",0,0,0,10,8,0,1,0,46,40,0,0,0,0,0,0,0,0,0,"Reid","West Ham","Defender"
"443",443,1,"2017-08-13T15:00:00Z",12,FALSE,4,0,50,0,25136,0,0,0,9,0,0,0,2,0,0,0,0,0,0,0,3,"0.0","0.0","0.0","0.0",0,0,0,0,0,0,0,0,10,9,0,0,0,0,0,0,0,0,0,"Cresswell","West Ham","Defender"
"444",444,1,"2017-08-13T15:00:00Z",12,FALSE,4,0,45,0,48392,0,0,-1,90,0,0,0,4,0,0,0,1,0,0,0,10,"0.0","0.0","0.0","0.0",0,0,0,9,4,0,0,0,44,35,0,0,0,0,0,0,0,0,0,"Ogbonna","West Ham","Defender"
"445",445,1,"2017-08-13T15:00:00Z",12,FALSE,4,0,45,0,10821,0,0,0,0,0,0,0,0,0,0,0,0,0,0,0,0,"0.0","0.0","0.0","0.0",0,0,0,0,0,0,0,0,0,0,0,0,0,0,0,0,0,0,0,"Byram","West Ham","Defender"
"446",446,1,"2017-08-13T15:00:00Z",12,FALSE,4,0,45,0,10420,0,0,1,80,0,0,0,2,0,0,0,0,0,0,0,14,"0.0","0.0","0.0","0.0",0,0,0,6,4,0,3,0,24,21,0,0,0,1,0,0,0,1,0,"Masuaku","West Ham","Defender"
"447",447,1,"2017-08-13T15:00:00Z",12,FALSE,4,0,50,0,150926,0,0,-1,90,0,0,0,4,0,0,0,1,0,0,0,11,"0.0","0.0","0.0","0.0",0,0,0,8,4,0,2,0,31,21,0,0,0,0,0,0,0,1,0,"Zabaleta","West Ham","Defender"
"448",448,1,"2017-08-13T15:00:00Z",12,FALSE,4,0,60,0,250680,0,0,0,0,0,0,0,0,0,0,0,0,0,0,0,0,"0.0","0.0","0.0","0.0",0,0,0,0,0,0,0,0,0,0,0,0,0,0,0,0,0,0,0,"Snodgrass","West Ham","Midfielder"
"449",449,1,"2017-08-13T15:00:00Z",12,FALSE,4,0,70,0,92244,0,0,2,90,0,0,0,4,0,0,0,0,0,0,0,7,"0.0","0.0","0.0","0.0",0,0,0,0,3,0,0,0,30,25,0,0,0,0,3,1,0,0,0,"Ayew","West Ham","Midfielder"
"450",450,1,"2017-08-13T15:00:00Z",12,FALSE,4,0,55,0,11166,0,0,2,60,0,0,0,2,0,0,0,0,0,0,0,13,"0.0","0.0","0.0","0.0",0,0,0,4,3,3,0,0,30,25,0,0,0,0,1,0,1,1,0,"Noble","West Ham","Midfielder"
"451",451,1,"2017-08-13T15:00:00Z",12,FALSE,4,0,50,0,1272,0,0,0,0,0,0,0,0,0,0,0,0,0,0,0,0,"0.0","0.0","0.0","0.0",0,0,0,0,0,0,0,0,0,0,0,0,0,0,0,0,0,0,0,"Kouyaté","West Ham","Midfielder"
"452",452,1,"2017-08-13T15:00:00Z",12,FALSE,4,0,45,0,37423,0,0,2,90,0,0,0,4,0,0,0,0,0,0,0,27,"0.0","0.0","0.0","0.0",0,0,0,3,11,1,6,0,55,44,0,0,0,0,1,0,0,0,1,"Obiang","West Ham","Midfielder"
"453",453,1,"2017-08-13T15:00:00Z",12,FALSE,4,0,70,0,61106,0,0,0,0,0,0,0,0,0,0,0,0,0,0,0,0,"0.0","0.0","0.0","0.0",0,0,0,0,0,0,0,0,0,0,0,0,0,0,0,0,0,0,0,"Lanzini","West Ham","Midfielder"
"454",454,1,"2017-08-13T15:00:00Z",12,FALSE,4,0,75,0,6194,0,0,0,0,0,0,0,0,0,0,0,0,0,0,0,0,"0.0","0.0","0.0","0.0",0,0,0,0,0,0,0,0,0,0,0,0,0,0,0,0,0,0,0,"Antonio","West Ham","Midfielder"
"455",455,1,"2017-08-13T15:00:00Z",12,FALSE,4,0,55,0,1798,0,0,0,0,0,0,0,0,0,0,0,0,0,0,0,0,"0.0","0.0","0.0","0.0",0,0,0,0,0,0,0,0,0,0,0,0,0,0,0,0,0,0,0,"Feghouli","West Ham","Midfielder"
"456",456,1,"2017-08-13T15:00:00Z",12,FALSE,4,0,45,0,13831,0,0,1,59,0,0,0,2,0,0,0,0,0,0,0,5,"0.0","0.0","0.0","0.0",0,0,0,0,3,1,0,0,19,15,0,0,0,0,0,0,0,0,0,"Fernandes","West Ham","Midfielder"
"457",457,1,"2017-08-13T15:00:00Z",12,FALSE,4,0,60,0,4252,0,0,0,0,0,0,0,0,0,0,0,0,0,0,0,0,"0.0","0.0","0.0","0.0",0,0,0,0,0,0,0,0,0,0,0,0,0,0,0,0,0,0,0,"Carroll","West Ham","Forward"
"458",458,1,"2017-08-13T15:00:00Z",12,FALSE,4,0,55,0,2459,0,0,1,30,0,0,0,2,0,0,0,0,0,0,0,-2,"0.0","0.0","0.0","0.0",0,0,0,0,0,0,0,0,6,4,0,1,0,0,1,0,1,0,0,"Sakho","West Ham","Forward"
"459",459,1,"2017-08-13T15:00:00Z",12,FALSE,4,0,45,0,41694,0,0,0,0,0,0,0,0,0,0,0,0,0,0,0,0,"0.0","0.0","0.0","0.0",0,0,0,0,0,0,0,0,0,0,0,0,0,0,0,0,0,0,0,"Fletcher","West Ham","Forward"
"460",460,1,"2017-08-13T15:00:00Z",12,FALSE,4,0,50,0,2427,0,0,0,0,0,0,0,0,0,0,0,0,0,0,0,0,"0.0","0.0","0.0","0.0",0,0,0,0,0,0,0,0,0,0,0,0,0,0,0,0,0,0,0,"Valencia","West Ham","Forward"
"461",461,1,"2017-08-12T16:30:00Z",11,TRUE,0,2,45,0,39852,0,0,1,90,0,0,0,2,0,0,0,0,0,0,0,15,"0.0","0.0","0.0","0.0",0,0,0,7,4,0,3,0,18,12,0,0,0,0,1,0,0,0,0,"Suttner","Brighton","Defender"
"462",462,1,"2017-08-12T14:00:00Z",6,FALSE,0,3,45,0,7187,0,0,0,0,0,0,0,0,0,0,0,0,0,0,0,0,"0.0","0.0","0.0","0.0",0,0,0,0,0,0,0,0,0,0,0,0,0,0,0,0,0,0,0,"Malone","Huddersfield","Defender"
"463",463,1,"2017-08-12T14:00:00Z",4,TRUE,2,3,50,0,23262,0,0,0,0,0,0,0,0,0,0,0,0,0,0,0,0,"0.0","0.0","0.0","0.0",0,0,0,0,0,0,0,0,0,0,0,0,0,0,0,0,0,0,0,"Bakayoko","Chelsea","Midfielder"
"464",464,1,"2017-08-12T14:00:00Z",15,TRUE,1,0,45,0,27700,0,0,0,45,0,0,0,0,0,0,0,1,0,0,0,4,"14.8","19.8","2.0","3.7",0,2,0,4,2,1,1,0,21,14,0,0,0,0,2,0,0,1,0,"Martina","Everton","Defender"
"465",465,1,"2017-08-13T12:30:00Z",17,TRUE,0,2,40,0,70393,0,0,0,0,0,0,0,0,0,0,0,0,0,0,0,0,"0.0","0.0","0.0","0.0",0,0,0,0,0,0,0,0,0,0,0,0,0,0,0,0,0,0,0,"Haidara","Newcastle","Defender"
"466",466,1,"2017-08-13T12:30:00Z",17,TRUE,0,2,50,0,9725,0,0,0,0,0,0,0,0,0,0,0,0,0,0,0,0,"0.0","0.0","0.0","0.0",0,0,0,0,0,0,0,0,0,0,0,0,0,0,0,0,0,0,0,"de Jong","Newcastle","Midfielder"
"467",467,1,"2017-08-13T12:30:00Z",17,TRUE,0,2,45,0,13496,0,0,0,0,0,0,0,0,0,0,0,0,0,0,0,0,"0.0","0.0","0.0","0.0",0,0,0,0,0,0,0,0,0,0,0,0,0,0,0,0,0,0,0,"Aarons","Newcastle","Midfielder"
"468",468,1,"2017-08-12T14:00:00Z",2,TRUE,1,0,45,0,90370,0,0,15,90,1,0,1,0,0,0,0,0,0,0,3,39,"0.0","0.0","0.0","0.0",0,0,0,12,3,1,0,1,25,18,0,0,0,0,0,0,1,1,0,"Hegazi","West Brom","Defender"
"469",469,1,"2017-08-12T14:00:00Z",5,FALSE,2,3,45,0,3195,0,0,0,0,0,0,0,0,0,0,0,0,0,0,0,0,"0.0","0.0","0.0","0.0",0,0,0,0,0,0,0,0,0,0,0,0,0,0,0,0,0,0,0,"Pope","Burnley","Goalkeeper"
"470",470,1,"2017-08-12T14:00:00Z",4,TRUE,2,3,55,0,5068,0,0,1,73,0,0,0,3,0,0,0,0,0,0,0,16,"0.0","0.0","0.0","0.0",0,0,0,2,4,1,0,0,46,42,0,0,0,0,0,0,0,0,1,"Christensen","Chelsea","Defender"
"471",471,1,"2017-08-12T14:00:00Z",4,TRUE,2,3,50,0,3084,0,0,1,1,0,0,0,0,0,0,0,0,0,0,0,3,"0.0","0.0","0.0","0.0",0,0,0,0,0,0,0,0,0,0,0,0,0,0,0,0,0,0,0,"Musonda","Chelsea","Midfielder"
"472",472,1,"2017-08-12T14:00:00Z",4,TRUE,2,3,100,0,245495,0,0,10,31,1,1,0,0,0,0,0,0,0,0,2,34,"0.0","0.0","0.0","0.0",0,0,1,0,2,1,0,0,5,5,0,0,0,0,2,2,1,1,0,"Morata","Chelsea","Forward"
"473",473,1,"2017-08-11T18:45:00Z",1,FALSE,4,3,45,0,12408,0,0,0,0,0,0,0,0,0,0,0,0,0,0,0,0,"0.0","0.0","0.0","0.0",0,0,0,0,0,0,0,0,0,0,0,0,0,0,0,0,0,0,0,"Jakupovic","Leicester","Goalkeeper"
"474",474,1,"2017-08-11T18:45:00Z",1,FALSE,4,3,45,0,6163,0,0,2,81,0,0,0,2,0,0,0,0,0,0,0,5,"8.8","0.9","0.0","1.0",0,0,0,4,4,0,0,0,16,11,0,0,0,0,1,0,0,3,0,"James","Leicester","Midfielder"
"475",475,1,"2017-08-12T11:30:00Z",18,FALSE,3,3,50,0,70031,0,0,0,0,0,0,0,0,0,0,0,0,0,0,0,0,"0.0","0.0","0.0","0.0",0,0,0,0,0,0,0,0,0,0,0,0,0,0,0,0,0,0,0,"Robertson","Liverpool","Defender"
"476",476,1,"2017-08-13T15:00:00Z",20,TRUE,4,0,50,0,4259,0,0,0,0,0,0,0,0,0,0,0,0,0,0,0,0,"0.0","0.0","0.0","0.0",0,0,0,0,0,0,0,0,0,0,0,0,0,0,0,0,0,0,0,"Pereira","Man Utd","Midfielder"
"477",477,1,"2017-08-13T12:30:00Z",17,TRUE,0,2,45,0,57103,0,0,1,90,0,0,0,2,0,0,0,0,0,0,0,16,"0.0","0.0","0.0","0.0",0,0,1,5,4,1,2,0,19,11,0,0,0,0,0,0,1,1,1,"Manquillo","Newcastle","Defender"
"478",478,1,"2017-08-13T12:30:00Z",17,TRUE,0,2,55,0,10434,0,0,0,0,0,0,0,0,0,0,0,0,0,0,0,0,"0.0","0.0","0.0","0.0",0,0,0,0,0,0,0,0,0,0,0,0,0,0,0,0,0,0,0,"Murphy","Newcastle","Midfielder"
"479",479,1,"2017-08-13T15:00:00Z",12,FALSE,4,0,45,0,527358,0,0,0,90,0,0,0,4,0,0,0,0,0,2,0,13,"0.0","0.0","0.0","0.0",0,0,0,2,6,0,0,0,30,16,0,0,0,0,0,0,0,0,0,"Hart","West Ham","Goalkeeper"
"480",480,1,"2017-08-11T18:45:00Z",9,TRUE,4,3,50,0,20295,0,0,0,0,0,0,0,0,0,0,0,0,0,0,0,0,"0.0","0.0","0.0","0.0",0,0,0,0,0,0,0,0,0,0,0,0,0,0,0,0,0,0,0,"Chambers","Arsenal","Defender"
"481",481,1,"2017-08-12T16:30:00Z",11,TRUE,0,2,55,0,3785,0,0,1,23,0,0,0,0,0,0,0,0,0,0,0,4,"2.6","0.0","0.0","0.3",0,0,0,1,1,0,0,0,9,7,0,0,0,0,0,0,0,0,1,"Brown","Brighton","Midfielder"
"482",482,1,"2017-08-12T14:00:00Z",8,TRUE,0,3,50,0,18572,0,0,1,90,0,0,0,3,0,0,0,0,0,0,0,19,"0.0","0.0","0.0","0.0",0,0,0,9,2,0,2,0,49,40,0,0,0,0,0,0,0,0,1,"Riedewald","Crystal Palace","Defender"
"483",483,1,"2017-08-12T16:30:00Z",3,FALSE,0,2,55,0,168249,0,0,6,67,0,0,1,0,0,0,0,0,0,0,0,22,"0.0","0.0","0.0","0.0",0,0,0,1,4,0,1,0,38,34,0,0,0,0,2,0,1,0,0,"Danilo","Man City","Defender"
"484",484,1,"2017-08-12T16:30:00Z",3,FALSE,0,2,65,0,20568,0,0,0,0,0,0,0,0,0,0,0,0,0,0,0,0,"0.0","0.0","0.0","0.0",0,0,0,0,0,0,0,0,0,0,0,0,0,0,0,0,0,0,0,"Mendy","Man City","Defender"
"485",485,1,"2017-08-12T14:00:00Z",14,FALSE,0,0,45,0,5524,0,0,1,9,0,0,0,0,0,0,0,0,0,0,0,4,"7.0","0.0","0.0","0.7",0,0,0,2,0,0,0,0,4,4,0,0,0,0,0,0,0,0,0,"Bartley","Swansea","Defender"
"486",486,1,"2017-08-12T11:30:00Z",10,TRUE,3,3,45,0,5647,0,0,0,0,0,0,0,0,0,0,0,0,0,0,0,0,"0.0","0.0","0.0","0.0",0,0,0,0,0,0,0,0,0,0,0,0,0,0,0,0,0,0,0,"Watson","Watford","Midfielder"
"487",487,1,"2017-08-13T15:00:00Z",12,FALSE,4,0,70,0,833378,0,0,2,90,0,0,0,4,0,0,0,0,0,0,0,-2,"0.0","0.0","0.0","0.0",0,0,0,1,4,0,0,0,26,19,0,0,0,0,5,1,2,3,2,"Chicharito","West Ham","Forward"
"488",488,1,"2017-08-12T14:00:00Z",7,FALSE,1,0,55,0,10521,0,0,0,0,0,0,0,0,0,0,0,0,0,0,0,0,"0.0","0.0","0.0","0.0",0,0,0,0,0,0,0,0,0,0,0,0,0,0,0,0,0,0,0,"Joselu","Stoke","Forward"
"489",489,1,"2017-08-11T18:45:00Z",9,TRUE,4,3,50,0,1979,0,0,0,0,0,0,0,0,0,0,0,0,0,0,0,0,"0.0","0.0","0.0","0.0",0,0,0,0,0,0,0,0,0,0,0,0,0,0,0,0,0,0,0,"Nelson","Arsenal","Midfielder"
"490",490,1,"2017-08-12T16:30:00Z",11,TRUE,0,2,55,0,6787,0,0,2,90,0,0,0,2,0,0,0,0,0,0,0,11,"0.0","0.0","0.0","0.0",0,0,0,4,3,0,1,0,15,8,0,0,0,0,0,0,2,0,2,"Pröpper","Brighton","Midfielder"
"491",491,1,"2017-08-12T14:00:00Z",8,TRUE,0,3,45,0,4672,0,0,0,0,0,0,0,0,0,0,0,0,0,0,0,0,"0.0","0.0","0.0","0.0",0,0,0,0,0,0,0,0,0,0,0,0,0,0,0,0,0,0,0,"Lokilo","Crystal Palace","Midfielder"
"492",492,1,"2017-08-12T16:30:00Z",3,FALSE,0,2,50,0,1930,0,0,0,0,0,0,0,0,0,0,0,0,0,0,0,0,"0.0","0.0","0.0","0.0",0,0,0,0,0,0,0,0,0,0,0,0,0,0,0,0,0,0,0,"Foden","Man City","Midfielder"
"493",493,1,"2017-08-12T16:30:00Z",3,FALSE,0,2,50,0,2913,0,0,0,0,0,0,0,0,0,0,0,0,0,0,0,0,"0.0","0.0","0.0","0.0",0,0,0,0,0,0,0,0,0,0,0,0,0,0,0,0,0,0,0,"Diaz","Man City","Midfielder"
"494",494,1,"2017-08-13T12:30:00Z",17,TRUE,0,2,40,0,98023,0,0,0,56,0,0,0,2,0,0,0,0,0,0,0,9,"0.0","0.0","0.0","0.0",0,0,0,6,4,0,1,0,14,13,0,0,0,0,0,0,0,0,0,"Mbemba","Newcastle","Defender"
"495",495,1,"2017-08-13T12:30:00Z",17,TRUE,0,2,50,0,2640,0,0,1,14,0,0,0,0,0,0,0,0,0,0,0,6,"0.0","0.0","0.0","0.0",0,0,0,2,1,0,1,0,15,12,0,0,0,0,0,0,0,0,0,"Merino","Newcastle","Midfielder"
"496",496,1,"2017-08-13T12:30:00Z",17,TRUE,0,2,45,0,6798,0,0,2,90,0,0,0,2,0,0,0,0,0,0,0,8,"0.0","0.0","0.0","0.0",0,1,0,6,2,1,1,0,25,21,0,0,0,0,3,0,0,2,0,"Hayden","Newcastle","Midfielder"
"497",497,1,"2017-08-12T14:00:00Z",7,FALSE,1,0,55,0,6855,0,0,1,18,0,0,0,0,0,0,0,0,0,0,0,1,"0.0","0.0","0.0","0.0",0,0,0,0,2,1,0,0,9,6,0,0,0,0,3,0,0,1,1,"Choupo-Moting","Stoke","Midfielder"
"498",498,1,"2017-08-13T12:30:00Z",13,FALSE,0,2,45,0,14948,0,0,6,90,0,0,1,0,0,0,0,0,0,0,0,29,"0.0","0.0","0.0","0.0",0,1,0,4,4,1,1,0,54,49,0,0,0,0,3,0,0,0,1,"Walker-Peters","Spurs","Defender"
"499",499,1,"2017-08-12T11:30:00Z",10,TRUE,3,3,50,0,4907,0,0,0,0,0,0,0,0,0,0,0,0,0,0,0,0,"0.0","0.0","0.0","0.0",0,0,0,0,0,0,0,0,0,0,0,0,0,0,0,0,0,0,0,"Sinclair","Watford","Forward"
"500",500,1,"2017-08-12T14:00:00Z",16,TRUE,0,0,50,0,7001,0,0,0,0,0,0,0,0,0,0,0,0,0,0,0,0,"0.0","0.0","0.0","0.0",0,0,0,0,0,0,0,0,0,0,0,0,0,0,0,0,0,0,0,"Lemina","Southampton","Midfielder"
"501",501,1,"2017-08-12T11:30:00Z",10,TRUE,3,3,60,0,2013,0,0,4,41,0,1,0,2,0,0,0,0,0,0,0,11,"0.0","0.0","0.0","0.0",0,0,0,1,3,0,1,0,7,4,0,0,0,0,1,1,2,0,0,"Richarlison","Watford","Midfielder"
"502",502,1,"2017-08-12T16:30:00Z",3,FALSE,0,2,50,0,0,0,0,0,0,0,0,0,0,0,0,0,0,0,0,0,0,"0.0","0.0","0.0","0.0",0,0,0,0,0,0,0,0,0,0,0,0,0,0,0,0,0,0,0,"Mangala","Man City","Defender"
"503",503,1,"2017-08-12T14:00:00Z",4,TRUE,2,3,45,0,0,0,0,0,0,0,0,0,0,0,0,0,0,0,0,0,0,"0.0","0.0","0.0","0.0",0,0,0,0,0,0,0,0,0,0,0,0,0,0,0,0,0,0,0,"Tomori","Chelsea","Defender"
"504",504,1,"2017-08-12T14:00:00Z",4,TRUE,2,3,45,0,0,0,0,0,0,0,0,0,0,0,0,0,0,0,0,0,0,"0.0","0.0","0.0","0.0",0,0,0,0,0,0,0,0,0,0,0,0,0,0,0,0,0,0,0,"Scott","Chelsea","Midfielder"
"505",505,1,"2017-08-12T14:00:00Z",8,TRUE,0,3,45,0,0,0,0,0,0,0,0,0,0,0,0,0,0,0,0,0,0,"0.0","0.0","0.0","0.0",0,0,0,0,0,0,0,0,0,0,0,0,0,0,0,0,0,0,0,"Ladapo","Crystal Palace","Forward"
"506",506,1,"2017-08-12T14:00:00Z",16,TRUE,0,0,40,0,0,0,0,0,0,0,0,0,0,0,0,0,0,0,0,0,0,"0.0","0.0","0.0","0.0",0,0,0,0,0,0,0,0,0,0,0,0,0,0,0,0,0,0,0,"Taylor","Southampton","Goalkeeper"
"507",507,1,"2017-08-12T14:00:00Z",2,TRUE,1,0,45,0,0,0,0,1,20,0,0,0,0,0,0,0,0,0,0,0,6,"6.6","20.4","0.0","2.7",0,0,0,0,2,2,1,0,5,4,0,0,0,0,1,0,0,0,0,"Harper","West Brom","Midfielder"
"508",508,1,"2017-08-12T14:00:00Z",2,TRUE,1,0,40,0,0,0,0,0,0,0,0,0,0,0,0,0,0,0,0,0,0,"0.0","0.0","0.0","0.0",0,0,0,0,0,0,0,0,0,0,0,0,0,0,0,0,0,0,0,"Wilson","West Brom","Defender"
"509",509,1,"2017-08-12T14:00:00Z",4,TRUE,2,3,60,0,0,0,0,1,17,0,0,0,0,0,0,0,0,0,0,0,1,"0.0","0.0","0.0","0.0",0,0,0,0,0,0,0,0,4,4,0,0,0,0,1,0,0,1,0,"Boga","Chelsea","Midfielder"
